#
# A fatal error has been detected by the Java Runtime Environment:
#
#  EXCEPTION_ACCESS_VIOLATION (0xc0000005) at pc=0x00007ffce96b927b, pid=23324, tid=13264
#
# JRE version: OpenJDK Runtime Environment Microsoft-13106358 (17.0.18+8) (build 17.0.18+8-LTS)
# Java VM: OpenJDK 64-Bit Server VM Microsoft-13106358 (17.0.18+8-LTS, mixed mode, sharing, tiered, compressed oops, compressed class ptrs, g1 gc, windows-amd64)
# Problematic frame:
# V  [jvm.dll+0x22927b]
#
# No core dump will be written. Minidumps are not enabled by default on client versions of Windows
#
# If you would like to submit a bug report, please visit:
#   https://github.com/microsoft/openjdk/issues
#

---------------  S U M M A R Y ------------

Command Line: --add-opens=java.base/java.util=ALL-UNNAMED --add-opens=java.base/java.lang=ALL-UNNAMED --add-opens=java.base/java.lang.invoke=ALL-UNNAMED --add-opens=java.prefs/java.util.prefs=ALL-UNNAMED --add-opens=java.base/java.nio.charset=ALL-UNNAMED --add-opens=java.base/java.net=ALL-UNNAMED --add-opens=java.base/java.util.concurrent.atomic=ALL-UNNAMED -Xmx2048m -Dfile.encoding=UTF-8 -Duser.country=US -Duser.language=en -Duser.variant -javaagent:C:\Users\ACER\.gradle\wrapper\dists\gradle-8.4-bin\1w5dpkrfk8irigvoxmyhowfim\gradle-8.4\lib\agents\gradle-instrumentation-agent-8.4.jar org.gradle.launcher.daemon.bootstrap.GradleDaemon 8.4

Host: Intel(R) Core(TM) Ultra 7 155H, 22 cores, 15G,  Windows 11 , 64 bit Build 26100 (10.0.26100.7920)
Time: Thu Apr 16 12:35:27 2026 SE Asia Standard Time elapsed time: 149.629595 seconds (0d 0h 2m 29s)

---------------  T H R E A D  ---------------

Current thread (0x0000018b0e5d8c80):  JavaThread "C2 CompilerThread3" daemon [_thread_in_native, id=13264, stack(0x0000005401e00000,0x0000005401f00000)]


Current CompileTask:
C2:149629 35886       4       org.jetbrains.org.objectweb.asm.ClassReader::readMethod (1061 bytes)

Stack: [0x0000005401e00000,0x0000005401f00000],  sp=0x0000005401efb3e0,  free space=1004k
Native frames: (J=compiled Java code, j=interpreted, Vv=VM code, C=native code)
V  [jvm.dll+0x22927b]  (no source info available)
V  [jvm.dll+0x5b56cb]  (no source info available)
V  [jvm.dll+0x5ade1c]  (no source info available)
V  [jvm.dll+0x2c1ead]  (no source info available)
V  [jvm.dll+0x2c1570]  (no source info available)
V  [jvm.dll+0x2be5a5]  (no source info available)
V  [jvm.dll+0x2bec2a]  (no source info available)
V  [jvm.dll+0x21f86f]  (no source info available)
V  [jvm.dll+0x21d260]  (no source info available)
V  [jvm.dll+0x1a8ce6]  (no source info available)
V  [jvm.dll+0x22db1b]  (no source info available)
V  [jvm.dll+0x22bca6]  (no source info available)
V  [jvm.dll+0x7fbabb]  (no source info available)
V  [jvm.dll+0x7f5ebc]  (no source info available)
V  [jvm.dll+0x68de17]  (no source info available)
C  [ucrtbase.dll+0x37b0]  (no source info available)
C  [KERNEL32.DLL+0x2e8d7]  (no source info available)
C  [ntdll.dll+0x8c48c]  (no source info available)


siginfo: EXCEPTION_ACCESS_VIOLATION (0xc0000005), reading address 0x0000000000000010


Registers:
RAX=0x0000018b0751f9c0, RBX=0x0000018b05ed5378, RCX=0x0000005401efec90, RDX=0x0000000000000000
RSP=0x0000005401efb3e0, RBP=0x000000000000004c, RSI=0x000000000000000a, RDI=0x0000018b7e738228
R8 =0x0000000000000000, R9 =0x0000000000000000, R10=0x00007ffd9cbf0000, R11=0x0000000000000000
R12=0x000000000000000c, R13=0x0000000000000000, R14=0x0000005401efb620, R15=0x000000000000000a
RIP=0x00007ffce96b927b, EFLAGS=0x0000000000010202

XMM[0]=0x0000000000000000 0x0000000000000000
XMM[1]=0x0000018b0eb95140 0x0000018b0596ed70
XMM[2]=0x0000018b3bbab588 0x0000018b0596dde8
XMM[3]=0x0000018b0e20ac48 0x0000018b0e20ac48
XMM[4]=0x0000018b0e20ac48 0x0000018b0e20ac48
XMM[5]=0x0000018b0e20ac48 0x0000018b0e20ac48
XMM[6]=0x0000000000000000 0x0000000000000000
XMM[7]=0x0000000000000000 0x0000000000000000
XMM[8]=0x0000000000000000 0x0000000000000000
XMM[9]=0x0000000000000000 0x0000000000000000
XMM[10]=0x0000000000000000 0x0000000000000000
XMM[11]=0x0000000000000000 0x0000000000000000
XMM[12]=0x0000000000000000 0x0000000000000000
XMM[13]=0x0000000000000000 0x0000000000000000
XMM[14]=0x0000000000000000 0x0000000000000000
XMM[15]=0x0000000000000000 0x0000000000000000
  MXCSR=0x00001fa0


Register to memory mapping:

RIP=0x00007ffce96b927b jvm.dll
RAX=0x0000018b0751f9c0 points into unknown readable memory: 0x000000000000004c | 4c 00 00 00 00 00 00 00
RBX=0x0000018b05ed5378 points into unknown readable memory: 0x00007ffce9e3e6f8 | f8 e6 e3 e9 fc 7f 00 00
RCX=0x0000005401efec90 is pointing into the stack for thread: 0x0000018b0e5d8c80
RDX=0x0 is NULL
RSP=0x0000005401efb3e0 is pointing into the stack for thread: 0x0000018b0e5d8c80
RBP=0x000000000000004c is an unknown value
RSI=0x000000000000000a is an unknown value
RDI=0x0000018b7e738228 points into unknown readable memory: 0x00007ffce9e6e8c8 | c8 e8 e6 e9 fc 7f 00 00
R8 =0x0 is NULL
R9 =0x0 is NULL
R10=0x00007ffd9cbf0000 VCRUNTIME140.dll
R11=0x0 is NULL
R12=0x000000000000000c is an unknown value
R13=0x0 is NULL
R14=0x0000005401efb620 is pointing into the stack for thread: 0x0000018b0e5d8c80
R15=0x000000000000000a is an unknown value


Top of Stack: (sp=0x0000005401efb3e0)
0x0000005401efb3e0:   0000000000000000 0000000000000000
0x0000005401efb3f0:   0000000000000000 0000005401efb620
0x0000005401efb400:   0000018b05ed5378 00007ffce9a456cb
0x0000005401efb410:   0000005401eff220 0000018b7e737d48
0x0000005401efb420:   0000000000000c2c 00007ffce9c9a210
0x0000005401efb430:   0000018b06820980 0000018b0e20b790
0x0000005401efb440:   0000018b06792eb0 0000018b7fffff00
0x0000005401efb450:   000000000000000c 0000000000000004
0x0000005401efb460:   0000000000000c2c 00007ffce9c97b01
0x0000005401efb470:   000000007fffffff 0000000000000001
0x0000005401efb480:   0000000000000000 0000018b0e5e7d88
0x0000005401efb490:   000000000000000c 000000000000000a
0x0000005401efb4a0:   0000018b7e737d48 0000000000000000
0x0000005401efb4b0:   0000018b0596ed70 0000018b3b465fa0
0x0000005401efb4c0:   0000018b3b48e030 0000005401efb620
0x0000005401efb4d0:   0000018b7d7deb10 00007ffce9a3de1c
0x0000005401efb4e0:   0000018b0000004c 0000018b05ed5378
0x0000005401efb4f0:   0000018b0596f0c0 00007ffc0000000a
0x0000005401efb500:   0000018b3b48e030 0000018b7e738228
0x0000005401efb510:   0000018b3bc08600 00007ffce9739f9c
0x0000005401efb520:   0000018b7e737d48 0000018b0ebe4770
0x0000005401efb530:   0000000000000000 0000018b0e5e7d88
0x0000005401efb540:   0000018b06792ef8 0000000000000004
0x0000005401efb550:   0000018b0e5e7a58 00007ffce950ba54
0x0000005401efb560:   0000018b15fbd600 0000018b0e5e7a58
0x0000005401efb570:   0000018b06792eb0 0000018b0e5e7d18
0x0000005401efb580:   0000018b0596ed70 0000018b15fbd600
0x0000005401efb590:   0000018b06afbe20 0000018b06a389c0
0x0000005401efb5a0:   0000000000000006 0000000000000001
0x0000005401efb5b0:   0000018b3bc08600 00007ffce9751ead
0x0000005401efb5c0:   0000005401efb620 0000018b3bc08600
0x0000005401efb5d0:   0000000000000000 0000000000000000 

Instructions: (pc=0x00007ffce96b927b)
0x00007ffce96b917b:   01 00 00 00 48 8b f9 39 99 f0 01 00 00 7e 62 66
0x00007ffce96b918b:   0f 1f 44 00 00 4c 8b 87 f8 01 00 00 8d 43 ff 48
0x00007ffce96b919b:   63 d0 48 63 c3 49 8d 14 d0 49 8d 0c c0 e8 33 7b
0x00007ffce96b91ab:   ff ff 85 c0 78 15 ff c3 3b 9f f0 01 00 00 7c d5
0x00007ffce96b91bb:   48 8b 5c 24 30 48 83 c4 20 5f c3 48 8b 8f f8 01
0x00007ffce96b91cb:   00 00 48 85 c9 74 1a 48 63 97 f0 01 00 00 4c 8d
0x00007ffce96b91db:   0d 00 7b ff ff 41 b8 08 00 00 00 ff 15 5c a7 67
0x00007ffce96b91eb:   00 48 8b 5c 24 30 48 83 c4 20 5f c3 cc cc cc cc
0x00007ffce96b91fb:   cc cc cc cc cc 48 83 ec 08 4c 63 91 a8 01 00 00
0x00007ffce96b920b:   4c 8b c9 4d 85 d2 7e 4a 33 c0 48 89 1c 24 44 8b
0x00007ffce96b921b:   c0 0f 1f 40 00 4d 8b 99 b0 01 00 00 49 8b 1c c3
0x00007ffce96b922b:   8b 4b 2c 83 e1 3f 80 f9 27 75 1b 49 3b c0 74 13
0x00007ffce96b923b:   4b 8b 14 c3 4b 89 1c c3 49 8b 89 b0 01 00 00 48
0x00007ffce96b924b:   89 14 c1 49 ff c0 48 ff c0 49 3b c2 7c c7 48 8b
0x00007ffce96b925b:   1c 24 48 83 c4 08 c3 cc cc cc cc cc cc cc cc cc
0x00007ffce96b926b:   cc cc cc cc cc 48 83 ec 28 48 8b 91 d0 02 00 00
0x00007ffce96b927b:   48 8b 42 10 8b 4a 20 4c 8d 04 c8 49 3b c0 73 1c
0x00007ffce96b928b:   0f 1f 44 00 00 48 8b 10 8b 4a 2c 83 e1 0f 80 f9
0x00007ffce96b929b:   09 74 33 48 83 c0 08 49 3b c0 72 e9 4c 8d 0d 4a
0x00007ffce96b92ab:   7a 72 00 41 b8 50 04 00 00 48 8d 15 5d 7a 72 00
0x00007ffce96b92bb:   b9 00 00 00 e0 e8 1b 39 02 00 e8 46 57 46 00 33
0x00007ffce96b92cb:   c0 48 83 c4 28 c3 48 8b c2 48 83 c4 28 c3 cc cc
0x00007ffce96b92db:   cc cc cc cc cc 48 89 5c 24 08 48 89 6c 24 10 48
0x00007ffce96b92eb:   89 74 24 18 48 89 7c 24 20 41 56 48 83 ec 20 48
0x00007ffce96b92fb:   3b 15 f7 2d 96 00 49 8b f0 48 8b fa 48 8b e9 0f
0x00007ffce96b930b:   84 18 01 00 00 48 8b 02 48 8b ca 48 8b da 4d 8b
0x00007ffce96b931b:   f0 ff 50 58 84 c0 74 0b 48 8b cb e8 85 c7 f9 ff
0x00007ffce96b932b:   48 8b d8 48 8b 0e 48 8b 51 58 48 8b ce ff d2 84
0x00007ffce96b933b:   c0 74 0b 48 8b ce e8 6a c7 f9 ff 4c 8b f0 48 8b
0x00007ffce96b934b:   0e 48 8b 91 b8 00 00 00 48 8b ce ff d2 84 c0 75
0x00007ffce96b935b:   60 48 8b d7 48 8b ce e8 f9 5b fa ff 84 c0 0f 85
0x00007ffce96b936b:   b9 00 00 00 48 8b 03 48 8b cb ff 50 48 84 c0 74 


Stack slot to memory mapping:
stack at sp + 0 slots: 0x0 is NULL
stack at sp + 1 slots: 0x0 is NULL
stack at sp + 2 slots: 0x0 is NULL
stack at sp + 3 slots: 0x0000005401efb620 is pointing into the stack for thread: 0x0000018b0e5d8c80
stack at sp + 4 slots: 0x0000018b05ed5378 points into unknown readable memory: 0x00007ffce9e3e6f8 | f8 e6 e3 e9 fc 7f 00 00
stack at sp + 5 slots: 0x00007ffce9a456cb jvm.dll
stack at sp + 6 slots: 0x0000005401eff220 is pointing into the stack for thread: 0x0000018b0e5d8c80
stack at sp + 7 slots: 0x0000018b7e737d48 points into unknown readable memory: 0x00007ffce9e6e8c8 | c8 e8 e6 e9 fc 7f 00 00


---------------  P R O C E S S  ---------------

Threads class SMR info:
_java_thread_list=0x0000018b155e0100, length=342, elements={
0x0000018b1bc803f0, 0x0000018b3b186aa0, 0x0000018b3b187370, 0x0000018b3b1a0f40,
0x0000018b3b1a3820, 0x0000018b3b1a40f0, 0x0000018b3b1a49c0, 0x0000018b3b1a5d60,
0x0000018b3b1a8890, 0x0000018b3b454780, 0x0000018b3b55c6f0, 0x0000018b3b5d3a70,
0x0000018b7d3e5f50, 0x0000018b7e959a60, 0x0000018b7e692700, 0x0000018b7e3d4270,
0x0000018b7d8f9960, 0x0000018b7e389ed0, 0x0000018b7e38a3b0, 0x0000018b3b6f7d50,
0x0000018b3b6fa5d0, 0x0000018b3b6f8770, 0x0000018b3b6faae0, 0x0000018b3b6f96a0,
0x0000018b3b6f7330, 0x0000018b3b6f7840, 0x0000018b7edc9ee0, 0x0000018b7edca3f0,
0x0000018b7edca900, 0x0000018b7edc8590, 0x0000018b7edcae10, 0x0000018b7edc94c0,
0x0000018b7edc8aa0, 0x0000018b7edc8080, 0x0000018b7edcfa00, 0x0000018b7edcd180,
0x0000018b7edcead0, 0x0000018b7edcefe0, 0x0000018b7edccc70, 0x0000018b7edcd690,
0x0000018b7edcdba0, 0x0000018b7edce0b0, 0x0000018b3b6f8260, 0x0000018b3b6f9bb0,
0x0000018b3b4a0ff0, 0x0000018b3b4a1500, 0x0000018b3b4a00c0, 0x0000018b3b4a1f20,
0x0000018b3b4a05d0, 0x0000018b3b49fbb0, 0x0000018b3b4a2430, 0x0000018b3b49ec80,
0x0000018b3b4a1a10, 0x0000018b3b4a0ae0, 0x0000018b3b49f6a0, 0x0000018b3b4a47a0,
0x0000018b3b4a5be0, 0x0000018b3b4a4cb0, 0x0000018b3b4a4290, 0x0000018b3b4a51c0,
0x0000018b3b4a56d0, 0x0000018b3b4a60f0, 0x0000018b3b4a3d80, 0x0000018b3b4a6600,
0x0000018b3b4a2e50, 0x0000018b3b4a3360, 0x0000018b3b4a3870, 0x0000018b0538e510,
0x0000018b0538c1a0, 0x0000018b0538bc90, 0x0000018b0538c6b0, 0x0000018b0538cbc0,
0x0000018b0538ad60, 0x0000018b0538d0d0, 0x0000018b0538ea20, 0x0000018b0538d5e0,
0x0000018b0538b780, 0x0000018b0538f440, 0x0000018b05390370, 0x0000018b05390d90,
0x0000018b068fe340, 0x0000018b069006b0, 0x0000018b068fd410, 0x0000018b06901af0,
0x0000018b06902000, 0x0000018b069010d0, 0x0000018b06904880, 0x0000018b06903e60,
0x0000018b06904d90, 0x0000018b06902510, 0x0000018b069015e0, 0x0000018b06903440,
0x0000018b06902a20, 0x0000018b06902f30, 0x0000018b06904370, 0x0000018b06903950,
0x0000018b080f6fe0, 0x0000018b080f4c70, 0x0000018b080f5690, 0x0000018b080f6ad0,
0x0000018b080f65c0, 0x0000018b080f7f10, 0x0000018b080f4760, 0x0000018b080f5ba0,
0x0000018b080f74f0, 0x0000018b080f60b0, 0x0000018b080f7a00, 0x0000018b3b6f8c80,
0x0000018b3b6f9190, 0x0000018b05d7df50, 0x0000018b05d7c600, 0x0000018b05d802c0,
0x0000018b05d7e460, 0x0000018b05d7e970, 0x0000018b05d7ee80, 0x0000018b05d7f390,
0x0000018b05d7cb10, 0x0000018b05d7f8a0, 0x0000018b05d7fdb0, 0x0000018b05d807d0,
0x0000018b05d7d020, 0x0000018b05d80ce0, 0x0000018b05d7d530, 0x0000018b05d811f0,
0x0000018b05d83050, 0x0000018b05d81700, 0x0000018b05d83a70, 0x0000018b05d83560,
0x0000018b05d82b40, 0x0000018b05d83f80, 0x0000018b05d81c10, 0x0000018b05d82630,
0x0000018b080f5180, 0x0000018b0583d9c0, 0x0000018b0583e8f0, 0x0000018b0583fd30,
0x0000018b0583ded0, 0x0000018b0583f820, 0x0000018b0583f310, 0x0000018b05840750,
0x0000018b0583d4b0, 0x0000018b0583cfa0, 0x0000018b0583e3e0, 0x0000018b0583ee00,
0x0000018b7eaf8a80, 0x0000018b7eafb300, 0x0000018b7eaf9ec0, 0x0000018b7eaf8060,
0x0000018b7eafa3d0, 0x0000018b7eafadf0, 0x0000018b7eafb810, 0x0000018b7eafbd20,
0x0000018b7eaf8570, 0x0000018b7eafcc50, 0x0000018b7eaf94a0, 0x0000018b7eaff9e0,
0x0000018b7eafd670, 0x0000018b7eafeab0, 0x0000018b7eafd160, 0x0000018b7eafefc0,
0x0000018b7eaff4d0, 0x0000018b05840240, 0x0000018b7d51d070, 0x0000018b7d51fe00,
0x0000018b7d51f8f0, 0x0000018b7d520310, 0x0000018b7d520820, 0x0000018b7d520d30,
0x0000018b7d51e9c0, 0x0000018b7d51eed0, 0x0000018b7d51d580, 0x0000018b7d521240,
0x0000018b7d51f3e0, 0x0000018b7d51e4b0, 0x0000018b7d5244e0, 0x0000018b7d521c60,
0x0000018b7d5235b0, 0x0000018b7d523ac0, 0x0000018b7d522170, 0x0000018b7d5230a0,
0x0000018b7d522680, 0x0000018b7d523fd0, 0x0000018b7d5249f0, 0x0000018b7d522b90,
0x0000018b095cd8e0, 0x0000018b095cddf0, 0x0000018b095ce300, 0x0000018b095ce810,
0x0000018b095cbf90, 0x0000018b095cd3d0, 0x0000018b095cb570, 0x0000018b095cb060,
0x0000018b095ced20, 0x0000018b095cf230, 0x0000018b095cc9b0, 0x0000018b095cba80,
0x0000018b095cf740, 0x0000018b095cfc50, 0x0000018b095d0160, 0x0000018b095d0670,
0x0000018b095ccec0, 0x0000018b095d1ab0, 0x0000018b095d3910, 0x0000018b095d15a0,
0x0000018b095d1090, 0x0000018b095d1fc0, 0x0000018b095d0b80, 0x0000018b095d5c80,
0x0000018b095d24d0, 0x0000018b095d3e20, 0x0000018b095d4d50, 0x0000018b095d3400,
0x0000018b095d4330, 0x0000018b095d4840, 0x0000018b095d5260, 0x0000018b095d29e0,
0x0000018b095d6190, 0x0000018b095d66a0, 0x0000018b095d2ef0, 0x0000018b095d8a10,
0x0000018b095d6bb0, 0x0000018b095d7ae0, 0x0000018b095da360, 0x0000018b095d9940,
0x0000018b095da870, 0x0000018b095d70c0, 0x0000018b095d75d0, 0x0000018b095d8f20,
0x0000018b095d9430, 0x0000018b095d9e50, 0x0000018b095d7ff0, 0x0000018b095d8500,
0x0000018b7eafc740, 0x0000018b7eaf8f90, 0x0000018b7eafe090, 0x0000018b099152a0,
0x0000018b099157b0, 0x0000018b09912000, 0x0000018b09913e60, 0x0000018b09912f30,
0x0000018b09914880, 0x0000018b09915cc0, 0x0000018b09913950, 0x0000018b09912510,
0x0000018b09913440, 0x0000018b09914370, 0x0000018b099161d0, 0x0000018b09912a20,
0x0000018b09917b20, 0x0000018b09919980, 0x0000018b09918540, 0x0000018b09917610,
0x0000018b09918a50, 0x0000018b09918030, 0x0000018b09918f60, 0x0000018b09919470,
0x0000018b099166e0, 0x0000018b09916bf0, 0x0000018b09917100, 0x0000018b7d51dfa0,
0x0000018b07892e80, 0x0000018b078938a0, 0x0000018b07893390, 0x0000018b07891020,
0x0000018b07891530, 0x0000018b07891f50, 0x0000018b078900f0, 0x0000018b07893db0,
0x0000018b07892970, 0x0000018b07890b10, 0x0000018b07891a40, 0x0000018b07890600,
0x0000018b07895c10, 0x0000018b07894ce0, 0x0000018b078942c0, 0x0000018b078947d0,
0x0000018b078951f0, 0x0000018b07895700, 0x0000018b078993c0, 0x0000018b07897560,
0x0000018b078998d0, 0x0000018b07896120, 0x0000018b07897f80, 0x0000018b07897a70,
0x0000018b07896630, 0x0000018b0789b220, 0x0000018b07899de0, 0x0000018b0789b730,
0x0000018b0789bc40, 0x0000018b0789ad10, 0x0000018b0789a2f0, 0x0000018b0789a800,
0x0000018b0789f900, 0x0000018b0789dfb0, 0x0000018b0789e9d0, 0x0000018b0789e4c0,
0x0000018b0789eee0, 0x0000018b0789f3f0, 0x0000018b0789c660, 0x0000018b0789cb70,
0x0000018b0789d080, 0x0000018b0789d590, 0x0000018b0789daa0, 0x0000018b095cc4a0,
0x0000018b7edcbd40, 0x0000018b063133e0, 0x0000018b06312ed0, 0x0000018b06310140,
0x0000018b06311070, 0x0000018b063124b0, 0x0000018b06313e00, 0x0000018b06310650,
0x0000018b06314310, 0x0000018b06310b60, 0x0000018b06314820, 0x0000018b06314d30,
0x0000018b06311580, 0x0000018b06315240, 0x0000018b06315750, 0x0000018b06311fa0,
0x0000018b06317fd0, 0x0000018b06316170, 0x0000018b063129c0, 0x0000018b06318f00,
0x0000018b162544f0, 0x0000018b162535c0, 0x0000018b16251c70, 0x0000018b16252180,
0x0000018b16251760, 0x0000018b16254a00, 0x0000018b16251250, 0x0000018b162586c0,
0x0000018b16259b00, 0x0000018b1625aa30, 0x0000018b16258bd0, 0x0000018b16257280,
0x0000018b0e5da1c0, 0x0000018b0e5d6750, 0x0000018b0e5d8c80, 0x0000018b0e5d91d0,
0x0000018b0e5da710, 0x0000018b0e5dac60
}

Java Threads: ( => current thread )
  0x0000018b1bc803f0 JavaThread "main" [_thread_blocked, id=23868, stack(0x000000546af00000,0x000000546b000000)]
  0x0000018b3b186aa0 JavaThread "Reference Handler" daemon [_thread_blocked, id=24548, stack(0x000000546b600000,0x000000546b700000)]
  0x0000018b3b187370 JavaThread "Finalizer" daemon [_thread_blocked, id=18556, stack(0x000000546b700000,0x000000546b800000)]
  0x0000018b3b1a0f40 JavaThread "Signal Dispatcher" daemon [_thread_blocked, id=20952, stack(0x000000546b800000,0x000000546b900000)]
  0x0000018b3b1a3820 JavaThread "Attach Listener" daemon [_thread_blocked, id=18284, stack(0x000000546b900000,0x000000546ba00000)]
  0x0000018b3b1a40f0 JavaThread "Service Thread" daemon [_thread_blocked, id=2660, stack(0x000000546ba00000,0x000000546bb00000)]
  0x0000018b3b1a49c0 JavaThread "Monitor Deflation Thread" daemon [_thread_blocked, id=2496, stack(0x000000546bb00000,0x000000546bc00000)]
  0x0000018b3b1a5d60 JavaThread "C2 CompilerThread0" daemon [_thread_in_native, id=17892, stack(0x000000546bc00000,0x000000546bd00000)]
  0x0000018b3b1a8890 JavaThread "C1 CompilerThread0" daemon [_thread_blocked, id=25996, stack(0x000000546bd00000,0x000000546be00000)]
  0x0000018b3b454780 JavaThread "Sweeper thread" daemon [_thread_blocked, id=11728, stack(0x000000546be00000,0x000000546bf00000)]
  0x0000018b3b55c6f0 JavaThread "Common-Cleaner" daemon [_thread_blocked, id=6396, stack(0x000000546c000000,0x000000546c100000)]
  0x0000018b3b5d3a70 JavaThread "Notification Thread" daemon [_thread_blocked, id=4472, stack(0x000000546c100000,0x000000546c200000)]
  0x0000018b7d3e5f50 JavaThread "Daemon health stats" [_thread_blocked, id=20796, stack(0x000000546cd00000,0x000000546ce00000)]
  0x0000018b7e959a60 JavaThread "Incoming local TCP Connector on port 50921" [_thread_in_native, id=21740, stack(0x000000546ce00000,0x000000546cf00000)]
  0x0000018b7e692700 JavaThread "Daemon periodic checks" [_thread_blocked, id=9188, stack(0x000000546cf00000,0x000000546d000000)]
  0x0000018b7e3d4270 JavaThread "Daemon" [_thread_blocked, id=3048, stack(0x000000546d000000,0x000000546d100000)]
  0x0000018b7d8f9960 JavaThread "Handler for socket connection from /127.0.0.1:50921 to /127.0.0.1:50922" [_thread_in_native, id=24464, stack(0x000000546d100000,0x000000546d200000)]
  0x0000018b7e389ed0 JavaThread "Cancel handler" [_thread_blocked, id=17364, stack(0x000000546d200000,0x000000546d300000)]
  0x0000018b7e38a3b0 JavaThread "Daemon worker" [_thread_blocked, id=1904, stack(0x000000546d300000,0x000000546d400000)]
  0x0000018b3b6f7d50 JavaThread "Asynchronous log dispatcher for DefaultDaemonConnection: socket connection from /127.0.0.1:50921 to /127.0.0.1:50922" [_thread_blocked, id=14568, stack(0x000000546d400000,0x000000546d500000)]
  0x0000018b3b6fa5d0 JavaThread "Daemon client event forwarder" [_thread_blocked, id=24852, stack(0x000000546d600000,0x000000546d700000)]
  0x0000018b3b6f8770 JavaThread "Cache worker for journal cache (C:\Users\ACER\.gradle\caches\journal-1)" [_thread_blocked, id=1888, stack(0x000000546c400000,0x000000546c500000)]
  0x0000018b3b6faae0 JavaThread "File lock request listener" [_thread_in_native, id=4544, stack(0x000000546c500000,0x000000546c600000)]
  0x0000018b3b6f96a0 JavaThread "Cache worker for file hash cache (C:\Users\ACER\.gradle\caches\8.4\fileHashes)" [_thread_in_native, id=18692, stack(0x000000546d700000,0x000000546d800000)]
  0x0000018b3b6f7330 JavaThread "File watcher server" daemon [_thread_in_native, id=9392, stack(0x000000546d900000,0x000000546da00000)]
  0x0000018b3b6f7840 JavaThread "File watcher consumer" daemon [_thread_blocked, id=12100, stack(0x000000546da00000,0x000000546db00000)]
  0x0000018b7edc9ee0 JavaThread "Cache worker for checksums cache (C:\Users\ACER\Documents\SmartNotingApp\.gradle\8.4\checksums)" [_thread_blocked, id=25180, stack(0x000000546e800000,0x000000546e900000)]
  0x0000018b7edca3f0 JavaThread "Cache worker for file hash cache (C:\Users\ACER\Documents\SmartNotingApp\.gradle\8.4\fileHashes)" [_thread_blocked, id=5420, stack(0x000000546c300000,0x000000546c400000)]
  0x0000018b7edca900 JavaThread "Cache worker for cache directory md-supplier (C:\Users\ACER\.gradle\caches\8.4\md-supplier)" [_thread_blocked, id=23328, stack(0x000000546d800000,0x000000546d900000)]
  0x0000018b7edc8590 JavaThread "Cache worker for file content cache (C:\Users\ACER\.gradle\caches\8.4\fileContent)" [_thread_blocked, id=25864, stack(0x000000546e900000,0x000000546ea00000)]
  0x0000018b7edcae10 JavaThread "Cache worker for cache directory md-rule (C:\Users\ACER\.gradle\caches\8.4\md-rule)" [_thread_blocked, id=5256, stack(0x000000546ea00000,0x000000546eb00000)]
  0x0000018b7edc94c0 JavaThread "Cache worker for execution history cache (C:\Users\ACER\.gradle\caches\8.4\executionHistory)" [_thread_blocked, id=1408, stack(0x000000546eb00000,0x000000546ec00000)]
  0x0000018b7edc8aa0 JavaThread "jar transforms" [_thread_blocked, id=25620, stack(0x000000546ed00000,0x000000546ee00000)]
  0x0000018b7edc8080 JavaThread "jar transforms Thread 2" [_thread_blocked, id=24276, stack(0x000000546ee00000,0x000000546ef00000)]
  0x0000018b7edcfa00 JavaThread "jar transforms Thread 3" [_thread_blocked, id=22796, stack(0x000000546f500000,0x000000546f600000)]
  0x0000018b7edcd180 JavaThread "jar transforms Thread 4" [_thread_blocked, id=5620, stack(0x000000546ec00000,0x000000546ed00000)]
  0x0000018b7edcead0 JavaThread "jar transforms Thread 5" [_thread_blocked, id=14036, stack(0x000000546ef00000,0x000000546f000000)]
  0x0000018b7edcefe0 JavaThread "jar transforms Thread 6" [_thread_blocked, id=26568, stack(0x000000546f000000,0x000000546f100000)]
  0x0000018b7edccc70 JavaThread "jar transforms Thread 7" [_thread_blocked, id=10116, stack(0x000000546f100000,0x000000546f200000)]
  0x0000018b7edcd690 JavaThread "jar transforms Thread 8" [_thread_blocked, id=8492, stack(0x000000546f200000,0x000000546f300000)]
  0x0000018b7edcdba0 JavaThread "jar transforms Thread 9" [_thread_blocked, id=348, stack(0x000000546f300000,0x000000546f400000)]
  0x0000018b7edce0b0 JavaThread "jar transforms Thread 10" [_thread_blocked, id=25212, stack(0x000000546f400000,0x000000546f500000)]
  0x0000018b3b6f8260 JavaThread "jar transforms Thread 11" [_thread_blocked, id=18144, stack(0x000000546f600000,0x000000546f700000)]
  0x0000018b3b6f9bb0 JavaThread "jar transforms Thread 12" [_thread_blocked, id=12564, stack(0x000000546f700000,0x000000546f800000)]
  0x0000018b3b4a0ff0 JavaThread "jar transforms Thread 13" [_thread_blocked, id=6056, stack(0x000000546f800000,0x000000546f900000)]
  0x0000018b3b4a1500 JavaThread "jar transforms Thread 14" [_thread_blocked, id=18420, stack(0x000000546f900000,0x000000546fa00000)]
  0x0000018b3b4a00c0 JavaThread "jar transforms Thread 15" [_thread_blocked, id=24148, stack(0x000000546fa00000,0x000000546fb00000)]
  0x0000018b3b4a1f20 JavaThread "jar transforms Thread 16" [_thread_blocked, id=23936, stack(0x000000546fb00000,0x000000546fc00000)]
  0x0000018b3b4a05d0 JavaThread "jar transforms Thread 17" [_thread_blocked, id=23080, stack(0x000000546fc00000,0x000000546fd00000)]
  0x0000018b3b49fbb0 JavaThread "jar transforms Thread 18" [_thread_blocked, id=24924, stack(0x000000546fd00000,0x000000546fe00000)]
  0x0000018b3b4a2430 JavaThread "jar transforms Thread 19" [_thread_blocked, id=25068, stack(0x000000546fe00000,0x000000546ff00000)]
  0x0000018b3b49ec80 JavaThread "jar transforms Thread 20" [_thread_blocked, id=10620, stack(0x000000546ff00000,0x0000005470000000)]
  0x0000018b3b4a1a10 JavaThread "jar transforms Thread 21" [_thread_blocked, id=24676, stack(0x0000005470000000,0x0000005470100000)]
  0x0000018b3b4a0ae0 JavaThread "jar transforms Thread 22" [_thread_blocked, id=24172, stack(0x0000005470100000,0x0000005470200000)]
  0x0000018b3b49f6a0 JavaThread "Cache worker for dependencies-accessors (C:\Users\ACER\Documents\SmartNotingApp\.gradle\8.4\dependencies-accessors)" [_thread_blocked, id=2476, stack(0x0000005470800000,0x0000005470900000)]
  0x0000018b3b4a47a0 JavaThread "Cache worker for Build Output Cleanup Cache (C:\Users\ACER\Documents\SmartNotingApp\.gradle\buildOutputCleanup)" [_thread_blocked, id=22608, stack(0x0000005470400000,0x0000005470500000)]
  0x0000018b3b4a5be0 JavaThread "Unconstrained build operations" [_thread_blocked, id=25604, stack(0x0000005470500000,0x0000005470600000)]
  0x0000018b3b4a4cb0 JavaThread "Unconstrained build operations Thread 2" [_thread_blocked, id=5532, stack(0x0000005470600000,0x0000005470700000)]
  0x0000018b3b4a4290 JavaThread "Unconstrained build operations Thread 3" [_thread_blocked, id=17832, stack(0x0000005470700000,0x0000005470800000)]
  0x0000018b3b4a51c0 JavaThread "Unconstrained build operations Thread 4" [_thread_blocked, id=24940, stack(0x0000005470900000,0x0000005470a00000)]
  0x0000018b3b4a56d0 JavaThread "Unconstrained build operations Thread 5" [_thread_blocked, id=24988, stack(0x0000005470a00000,0x0000005470b00000)]
  0x0000018b3b4a60f0 JavaThread "Unconstrained build operations Thread 6" [_thread_blocked, id=24104, stack(0x0000005470b00000,0x0000005470c00000)]
  0x0000018b3b4a3d80 JavaThread "Unconstrained build operations Thread 7" [_thread_blocked, id=11576, stack(0x0000005470c00000,0x0000005470d00000)]
  0x0000018b3b4a6600 JavaThread "Unconstrained build operations Thread 8" [_thread_blocked, id=23532, stack(0x0000005470d00000,0x0000005470e00000)]
  0x0000018b3b4a2e50 JavaThread "Unconstrained build operations Thread 9" [_thread_blocked, id=24892, stack(0x0000005470e00000,0x0000005470f00000)]
  0x0000018b3b4a3360 JavaThread "Unconstrained build operations Thread 10" [_thread_blocked, id=22556, stack(0x0000005470f00000,0x0000005471000000)]
  0x0000018b3b4a3870 JavaThread "Unconstrained build operations Thread 11" [_thread_blocked, id=26452, stack(0x0000005471000000,0x0000005471100000)]
  0x0000018b0538e510 JavaThread "Unconstrained build operations Thread 12" [_thread_blocked, id=26384, stack(0x0000005471100000,0x0000005471200000)]
  0x0000018b0538c1a0 JavaThread "Unconstrained build operations Thread 13" [_thread_blocked, id=20288, stack(0x0000005471200000,0x0000005471300000)]
  0x0000018b0538bc90 JavaThread "Unconstrained build operations Thread 14" [_thread_blocked, id=13304, stack(0x0000005471300000,0x0000005471400000)]
  0x0000018b0538c6b0 JavaThread "Unconstrained build operations Thread 15" [_thread_blocked, id=26576, stack(0x0000005471400000,0x0000005471500000)]
  0x0000018b0538cbc0 JavaThread "Unconstrained build operations Thread 16" [_thread_blocked, id=23224, stack(0x0000005471500000,0x0000005471600000)]
  0x0000018b0538ad60 JavaThread "Unconstrained build operations Thread 17" [_thread_blocked, id=16788, stack(0x0000005471600000,0x0000005471700000)]
  0x0000018b0538d0d0 JavaThread "Unconstrained build operations Thread 18" [_thread_blocked, id=26032, stack(0x0000005471700000,0x0000005471800000)]
  0x0000018b0538ea20 JavaThread "Unconstrained build operations Thread 19" [_thread_blocked, id=8572, stack(0x0000005471800000,0x0000005471900000)]
  0x0000018b0538d5e0 JavaThread "Unconstrained build operations Thread 20" [_thread_blocked, id=6384, stack(0x0000005471900000,0x0000005471a00000)]
  0x0000018b0538b780 JavaThread "Unconstrained build operations Thread 21" [_thread_blocked, id=26444, stack(0x0000005471a00000,0x0000005471b00000)]
  0x0000018b0538f440 JavaThread "build event listener" [_thread_blocked, id=20552, stack(0x0000005470300000,0x0000005470400000)]
  0x0000018b05390370 JavaThread "Memory manager" [_thread_blocked, id=18528, stack(0x0000005471c00000,0x0000005471d00000)]
  0x0000018b05390d90 JavaThread "build event listener" [_thread_blocked, id=17392, stack(0x0000005471b00000,0x0000005471c00000)]
  0x0000018b068fe340 JavaThread "included builds" [_thread_blocked, id=520, stack(0x0000005472000000,0x0000005472100000)]
  0x0000018b069006b0 JavaThread "Execution worker" [_thread_blocked, id=19072, stack(0x0000005472100000,0x0000005472200000)]
  0x0000018b068fd410 JavaThread "Execution worker Thread 2" [_thread_blocked, id=14096, stack(0x0000005472200000,0x0000005472300000)]
  0x0000018b06901af0 JavaThread "Execution worker Thread 3" [_thread_blocked, id=25400, stack(0x0000005472300000,0x0000005472400000)]
  0x0000018b06902000 JavaThread "Execution worker Thread 4" [_thread_blocked, id=16780, stack(0x0000005472400000,0x0000005472500000)]
  0x0000018b069010d0 JavaThread "Execution worker Thread 5" [_thread_blocked, id=14628, stack(0x0000005472500000,0x0000005472600000)]
  0x0000018b06904880 JavaThread "Execution worker Thread 6" [_thread_blocked, id=20408, stack(0x0000005472600000,0x0000005472700000)]
  0x0000018b06903e60 JavaThread "Execution worker Thread 7" [_thread_blocked, id=10820, stack(0x0000005472700000,0x0000005472800000)]
  0x0000018b06904d90 JavaThread "Execution worker Thread 8" [_thread_blocked, id=7036, stack(0x0000005472800000,0x0000005472900000)]
  0x0000018b06902510 JavaThread "Execution worker Thread 9" [_thread_blocked, id=15772, stack(0x0000005472900000,0x0000005472a00000)]
  0x0000018b069015e0 JavaThread "Execution worker Thread 10" [_thread_blocked, id=1484, stack(0x0000005472a00000,0x0000005472b00000)]
  0x0000018b06903440 JavaThread "Execution worker Thread 11" [_thread_blocked, id=24160, stack(0x0000005472b00000,0x0000005472c00000)]
  0x0000018b06902a20 JavaThread "Execution worker Thread 12" [_thread_blocked, id=22284, stack(0x0000005472c00000,0x0000005472d00000)]
  0x0000018b06902f30 JavaThread "Execution worker Thread 13" [_thread_blocked, id=9152, stack(0x0000005472d00000,0x0000005472e00000)]
  0x0000018b06904370 JavaThread "Execution worker Thread 14" [_thread_blocked, id=25940, stack(0x0000005472e00000,0x0000005472f00000)]
  0x0000018b06903950 JavaThread "Execution worker Thread 15" [_thread_blocked, id=25676, stack(0x0000005472f00000,0x0000005473000000)]
  0x0000018b080f6fe0 JavaThread "Execution worker Thread 16" [_thread_blocked, id=18888, stack(0x0000005473000000,0x0000005473100000)]
  0x0000018b080f4c70 JavaThread "Execution worker Thread 17" [_thread_blocked, id=17624, stack(0x0000005473100000,0x0000005473200000)]
  0x0000018b080f5690 JavaThread "Execution worker Thread 18" [_thread_blocked, id=18788, stack(0x0000005473200000,0x0000005473300000)]
  0x0000018b080f6ad0 JavaThread "Execution worker Thread 19" [_thread_blocked, id=25556, stack(0x0000005473300000,0x0000005473400000)]
  0x0000018b080f65c0 JavaThread "Execution worker Thread 20" [_thread_blocked, id=19276, stack(0x0000005473400000,0x0000005473500000)]
  0x0000018b080f7f10 JavaThread "Execution worker Thread 21" [_thread_blocked, id=8184, stack(0x0000005473500000,0x0000005473600000)]
  0x0000018b080f4760 JavaThread "Cache worker for execution history cache (C:\Users\ACER\Documents\SmartNotingApp\.gradle\8.4\executionHistory)" [_thread_blocked, id=6636, stack(0x0000005473600000,0x0000005473700000)]
  0x0000018b080f5ba0 JavaThread "Unconstrained build operations Thread 22" [_thread_blocked, id=2320, stack(0x0000005471f00000,0x0000005472000000)]
  0x0000018b080f74f0 JavaThread "Unconstrained build operations Thread 23" [_thread_blocked, id=24128, stack(0x0000005473900000,0x0000005473a00000)]
  0x0000018b080f60b0 JavaThread "Unconstrained build operations Thread 24" [_thread_blocked, id=6500, stack(0x0000005473a00000,0x0000005473b00000)]
  0x0000018b080f7a00 JavaThread "Unconstrained build operations Thread 25" [_thread_blocked, id=18828, stack(0x0000005473b00000,0x0000005473c00000)]
  0x0000018b3b6f8c80 JavaThread "Unconstrained build operations Thread 26" [_thread_blocked, id=12228, stack(0x0000005473c00000,0x0000005473d00000)]
  0x0000018b3b6f9190 JavaThread "Unconstrained build operations Thread 27" [_thread_blocked, id=26504, stack(0x0000005473d00000,0x0000005473e00000)]
  0x0000018b05d7df50 JavaThread "Unconstrained build operations Thread 28" [_thread_blocked, id=17340, stack(0x0000005473e00000,0x0000005473f00000)]
  0x0000018b05d7c600 JavaThread "Unconstrained build operations Thread 29" [_thread_blocked, id=24552, stack(0x0000005473f00000,0x0000005474000000)]
  0x0000018b05d802c0 JavaThread "Unconstrained build operations Thread 30" [_thread_blocked, id=9400, stack(0x0000005474000000,0x0000005474100000)]
  0x0000018b05d7e460 JavaThread "Unconstrained build operations Thread 31" [_thread_blocked, id=25672, stack(0x0000005474100000,0x0000005474200000)]
  0x0000018b05d7e970 JavaThread "Unconstrained build operations Thread 32" [_thread_blocked, id=19524, stack(0x0000005474200000,0x0000005474300000)]
  0x0000018b05d7ee80 JavaThread "Unconstrained build operations Thread 33" [_thread_blocked, id=24660, stack(0x0000005474300000,0x0000005474400000)]
  0x0000018b05d7f390 JavaThread "Unconstrained build operations Thread 34" [_thread_blocked, id=18200, stack(0x0000005474400000,0x0000005474500000)]
  0x0000018b05d7cb10 JavaThread "Unconstrained build operations Thread 35" [_thread_blocked, id=4524, stack(0x0000005474500000,0x0000005474600000)]
  0x0000018b05d7f8a0 JavaThread "Unconstrained build operations Thread 36" [_thread_blocked, id=10692, stack(0x0000005474600000,0x0000005474700000)]
  0x0000018b05d7fdb0 JavaThread "Unconstrained build operations Thread 37" [_thread_blocked, id=16376, stack(0x0000005474700000,0x0000005474800000)]
  0x0000018b05d807d0 JavaThread "Unconstrained build operations Thread 38" [_thread_blocked, id=9960, stack(0x0000005474800000,0x0000005474900000)]
  0x0000018b05d7d020 JavaThread "Unconstrained build operations Thread 39" [_thread_blocked, id=10868, stack(0x0000005474900000,0x0000005474a00000)]
  0x0000018b05d80ce0 JavaThread "Unconstrained build operations Thread 40" [_thread_blocked, id=16608, stack(0x0000005474a00000,0x0000005474b00000)]
  0x0000018b05d7d530 JavaThread "Unconstrained build operations Thread 41" [_thread_blocked, id=23632, stack(0x0000005474b00000,0x0000005474c00000)]
  0x0000018b05d811f0 JavaThread "Unconstrained build operations Thread 42" [_thread_blocked, id=16564, stack(0x0000005474c00000,0x0000005474d00000)]
  0x0000018b05d83050 JavaThread "Unconstrained build operations Thread 43" [_thread_blocked, id=1496, stack(0x0000005475100000,0x0000005475200000)]
  0x0000018b05d81700 JavaThread "Unconstrained build operations Thread 44" [_thread_blocked, id=16096, stack(0x0000005475200000,0x0000005475300000)]
  0x0000018b05d83a70 JavaThread "Unconstrained build operations Thread 45" [_thread_blocked, id=10336, stack(0x0000005475300000,0x0000005475400000)]
  0x0000018b05d83560 JavaThread "Unconstrained build operations Thread 46" [_thread_blocked, id=12176, stack(0x0000005475400000,0x0000005475500000)]
  0x0000018b05d82b40 JavaThread "Unconstrained build operations Thread 47" [_thread_blocked, id=2228, stack(0x0000005475500000,0x0000005475600000)]
  0x0000018b05d83f80 JavaThread "Unconstrained build operations Thread 48" [_thread_blocked, id=5292, stack(0x0000005475600000,0x0000005475700000)]
  0x0000018b05d81c10 JavaThread "Unconstrained build operations Thread 49" [_thread_blocked, id=12644, stack(0x0000005475700000,0x0000005475800000)]
  0x0000018b05d82630 JavaThread "WorkerExecutor Queue" [_thread_blocked, id=8200, stack(0x0000005475800000,0x0000005475900000)]
  0x0000018b080f5180 JavaThread "Unconstrained build operations Thread 50" [_thread_blocked, id=25008, stack(0x0000005475000000,0x0000005475100000)]
  0x0000018b0583d9c0 JavaThread "Unconstrained build operations Thread 51" [_thread_blocked, id=13992, stack(0x0000005475900000,0x0000005475a00000)]
  0x0000018b0583e8f0 JavaThread "Unconstrained build operations Thread 52" [_thread_blocked, id=9388, stack(0x0000005475a00000,0x0000005475b00000)]
  0x0000018b0583fd30 JavaThread "Unconstrained build operations Thread 53" [_thread_blocked, id=9144, stack(0x0000005475b00000,0x0000005475c00000)]
  0x0000018b0583ded0 JavaThread "Unconstrained build operations Thread 54" [_thread_blocked, id=10880, stack(0x0000005475c00000,0x0000005475d00000)]
  0x0000018b0583f820 JavaThread "Unconstrained build operations Thread 55" [_thread_blocked, id=21324, stack(0x0000005475d00000,0x0000005475e00000)]
  0x0000018b0583f310 JavaThread "Unconstrained build operations Thread 56" [_thread_blocked, id=9328, stack(0x0000005475e00000,0x0000005475f00000)]
  0x0000018b05840750 JavaThread "Unconstrained build operations Thread 57" [_thread_blocked, id=24280, stack(0x0000005475f00000,0x0000005476000000)]
  0x0000018b0583d4b0 JavaThread "Unconstrained build operations Thread 58" [_thread_blocked, id=5956, stack(0x0000005476000000,0x0000005476100000)]
  0x0000018b0583cfa0 JavaThread "Unconstrained build operations Thread 59" [_thread_blocked, id=21336, stack(0x0000005476100000,0x0000005476200000)]
  0x0000018b0583e3e0 JavaThread "Unconstrained build operations Thread 60" [_thread_blocked, id=24668, stack(0x0000005476200000,0x0000005476300000)]
  0x0000018b0583ee00 JavaThread "Unconstrained build operations Thread 61" [_thread_blocked, id=24188, stack(0x0000005476300000,0x0000005476400000)]
  0x0000018b7eaf8a80 JavaThread "Unconstrained build operations Thread 62" [_thread_blocked, id=26064, stack(0x0000005476400000,0x0000005476500000)]
  0x0000018b7eafb300 JavaThread "Unconstrained build operations Thread 63" [_thread_blocked, id=26600, stack(0x0000005476500000,0x0000005476600000)]
  0x0000018b7eaf9ec0 JavaThread "Unconstrained build operations Thread 64" [_thread_blocked, id=15752, stack(0x0000005476600000,0x0000005476700000)]
  0x0000018b7eaf8060 JavaThread "Unconstrained build operations Thread 65" [_thread_blocked, id=19424, stack(0x0000005476700000,0x0000005476800000)]
  0x0000018b7eafa3d0 JavaThread "Unconstrained build operations Thread 66" [_thread_blocked, id=22632, stack(0x0000005476800000,0x0000005476900000)]
  0x0000018b7eafadf0 JavaThread "Unconstrained build operations Thread 67" [_thread_blocked, id=12860, stack(0x0000005476900000,0x0000005476a00000)]
  0x0000018b7eafb810 JavaThread "Unconstrained build operations Thread 68" [_thread_blocked, id=21232, stack(0x0000005476a00000,0x0000005476b00000)]
  0x0000018b7eafbd20 JavaThread "Unconstrained build operations Thread 69" [_thread_blocked, id=9376, stack(0x0000005476b00000,0x0000005476c00000)]
  0x0000018b7eaf8570 JavaThread "Unconstrained build operations Thread 70" [_thread_blocked, id=12772, stack(0x0000005476c00000,0x0000005476d00000)]
  0x0000018b7eafcc50 JavaThread "WorkerExecutor Queue Thread 2" [_thread_blocked, id=19884, stack(0x0000005477000000,0x0000005477100000)]
  0x0000018b7eaf94a0 JavaThread "WorkerExecutor Queue Thread 3" [_thread_blocked, id=26252, stack(0x0000005477100000,0x0000005477200000)]
  0x0000018b7eaff9e0 JavaThread "WorkerExecutor Queue Thread 5" [_thread_blocked, id=24592, stack(0x0000005477300000,0x0000005477400000)]
  0x0000018b7eafd670 JavaThread "WorkerExecutor Queue Thread 7" [_thread_blocked, id=320, stack(0x0000005477500000,0x0000005477600000)]
  0x0000018b7eafeab0 JavaThread "WorkerExecutor Queue Thread 8" [_thread_blocked, id=8108, stack(0x0000005477600000,0x0000005477700000)]
  0x0000018b7eafd160 JavaThread "WorkerExecutor Queue Thread 9" [_thread_blocked, id=18328, stack(0x0000005477700000,0x0000005477800000)]
  0x0000018b7eafefc0 JavaThread "WorkerExecutor Queue Thread 10" [_thread_blocked, id=17660, stack(0x0000005477800000,0x0000005477900000)]
  0x0000018b7eaff4d0 JavaThread "WorkerExecutor Queue Thread 11" [_thread_blocked, id=17860, stack(0x0000005477900000,0x0000005477a00000)]
  0x0000018b05840240 JavaThread "WorkerExecutor Queue Thread 12" [_thread_blocked, id=21400, stack(0x0000005477a00000,0x0000005477b00000)]
  0x0000018b7d51d070 JavaThread "WorkerExecutor Queue Thread 13" [_thread_blocked, id=11124, stack(0x0000005477b00000,0x0000005477c00000)]
  0x0000018b7d51fe00 JavaThread "WorkerExecutor Queue Thread 14" [_thread_blocked, id=5656, stack(0x0000005477c00000,0x0000005477d00000)]
  0x0000018b7d51f8f0 JavaThread "WorkerExecutor Queue Thread 15" [_thread_blocked, id=25904, stack(0x0000005477d00000,0x0000005477e00000)]
  0x0000018b7d520310 JavaThread "WorkerExecutor Queue Thread 16" [_thread_blocked, id=24468, stack(0x0000005477e00000,0x0000005477f00000)]
  0x0000018b7d520820 JavaThread "WorkerExecutor Queue Thread 17" [_thread_blocked, id=24600, stack(0x0000005477f00000,0x0000005478000000)]
  0x0000018b7d520d30 JavaThread "WorkerExecutor Queue Thread 18" [_thread_blocked, id=13036, stack(0x0000005478000000,0x0000005478100000)]
  0x0000018b7d51e9c0 JavaThread "WorkerExecutor Queue Thread 19" [_thread_blocked, id=24980, stack(0x0000005478100000,0x0000005478200000)]
  0x0000018b7d51eed0 JavaThread "WorkerExecutor Queue Thread 20" [_thread_blocked, id=540, stack(0x0000005478200000,0x0000005478300000)]
  0x0000018b7d51d580 JavaThread "WorkerExecutor Queue Thread 21" [_thread_blocked, id=21208, stack(0x0000005478300000,0x0000005478400000)]
  0x0000018b7d521240 JavaThread "WorkerExecutor Queue Thread 22" [_thread_blocked, id=7576, stack(0x0000005478400000,0x0000005478500000)]
  0x0000018b7d51f3e0 JavaThread "Unconstrained build operations Thread 71" [_thread_blocked, id=21092, stack(0x0000005478500000,0x0000005478600000)]
  0x0000018b7d51e4b0 JavaThread "Unconstrained build operations Thread 72" [_thread_blocked, id=24556, stack(0x0000005478600000,0x0000005478700000)]
  0x0000018b7d5244e0 JavaThread "Unconstrained build operations Thread 73" [_thread_blocked, id=8052, stack(0x0000005478700000,0x0000005478800000)]
  0x0000018b7d521c60 JavaThread "Unconstrained build operations Thread 74" [_thread_blocked, id=15248, stack(0x0000005478800000,0x0000005478900000)]
  0x0000018b7d5235b0 JavaThread "Unconstrained build operations Thread 75" [_thread_blocked, id=15320, stack(0x0000005478900000,0x0000005478a00000)]
  0x0000018b7d523ac0 JavaThread "Unconstrained build operations Thread 76" [_thread_blocked, id=25176, stack(0x0000005478a00000,0x0000005478b00000)]
  0x0000018b7d522170 JavaThread "Unconstrained build operations Thread 77" [_thread_blocked, id=24068, stack(0x0000005478b00000,0x0000005478c00000)]
  0x0000018b7d5230a0 JavaThread "Unconstrained build operations Thread 78" [_thread_blocked, id=21624, stack(0x0000005478c00000,0x0000005478d00000)]
  0x0000018b7d522680 JavaThread "Unconstrained build operations Thread 79" [_thread_blocked, id=26256, stack(0x0000005478d00000,0x0000005478e00000)]
  0x0000018b7d523fd0 JavaThread "Unconstrained build operations Thread 80" [_thread_blocked, id=3932, stack(0x0000005478e00000,0x0000005478f00000)]
  0x0000018b7d5249f0 JavaThread "Unconstrained build operations Thread 81" [_thread_blocked, id=22944, stack(0x0000005478f00000,0x0000005479000000)]
  0x0000018b7d522b90 JavaThread "Unconstrained build operations Thread 82" [_thread_blocked, id=26524, stack(0x0000005479000000,0x0000005479100000)]
  0x0000018b095cd8e0 JavaThread "Unconstrained build operations Thread 83" [_thread_blocked, id=548, stack(0x0000005479100000,0x0000005479200000)]
  0x0000018b095cddf0 JavaThread "Unconstrained build operations Thread 84" [_thread_blocked, id=23956, stack(0x0000005479200000,0x0000005479300000)]
  0x0000018b095ce300 JavaThread "Unconstrained build operations Thread 85" [_thread_blocked, id=12844, stack(0x0000005479300000,0x0000005479400000)]
  0x0000018b095ce810 JavaThread "Unconstrained build operations Thread 86" [_thread_blocked, id=18568, stack(0x0000005479400000,0x0000005479500000)]
  0x0000018b095cbf90 JavaThread "Unconstrained build operations Thread 87" [_thread_blocked, id=18196, stack(0x0000005479500000,0x0000005479600000)]
  0x0000018b095cd3d0 JavaThread "Unconstrained build operations Thread 88" [_thread_blocked, id=12356, stack(0x0000005479600000,0x0000005479700000)]
  0x0000018b095cb570 JavaThread "Unconstrained build operations Thread 89" [_thread_blocked, id=7088, stack(0x0000005479700000,0x0000005479800000)]
  0x0000018b095cb060 JavaThread "Unconstrained build operations Thread 90" [_thread_blocked, id=25736, stack(0x0000005479800000,0x0000005479900000)]
  0x0000018b095ced20 JavaThread "Unconstrained build operations Thread 91" [_thread_blocked, id=10440, stack(0x0000005479900000,0x0000005479a00000)]
  0x0000018b095cf230 JavaThread "Unconstrained build operations Thread 92" [_thread_blocked, id=25792, stack(0x0000005479a00000,0x0000005479b00000)]
  0x0000018b095cc9b0 JavaThread "Unconstrained build operations Thread 93" [_thread_blocked, id=23736, stack(0x0000005479b00000,0x0000005479c00000)]
  0x0000018b095cba80 JavaThread "Unconstrained build operations Thread 94" [_thread_blocked, id=14736, stack(0x0000005479c00000,0x0000005479d00000)]
  0x0000018b095cf740 JavaThread "Unconstrained build operations Thread 95" [_thread_blocked, id=24036, stack(0x0000005479d00000,0x0000005479e00000)]
  0x0000018b095cfc50 JavaThread "Unconstrained build operations Thread 96" [_thread_blocked, id=25784, stack(0x0000005479e00000,0x0000005479f00000)]
  0x0000018b095d0160 JavaThread "Unconstrained build operations Thread 97" [_thread_blocked, id=19488, stack(0x0000005479f00000,0x000000547a000000)]
  0x0000018b095d0670 JavaThread "Unconstrained build operations Thread 98" [_thread_blocked, id=7588, stack(0x000000547a000000,0x000000547a100000)]
  0x0000018b095ccec0 JavaThread "Unconstrained build operations Thread 99" [_thread_blocked, id=4900, stack(0x000000547a100000,0x000000547a200000)]
  0x0000018b095d1ab0 JavaThread "Unconstrained build operations Thread 100" [_thread_blocked, id=22416, stack(0x000000547a200000,0x000000547a300000)]
  0x0000018b095d3910 JavaThread "Unconstrained build operations Thread 101" [_thread_blocked, id=24964, stack(0x000000547a300000,0x000000547a400000)]
  0x0000018b095d15a0 JavaThread "Unconstrained build operations Thread 102" [_thread_blocked, id=24696, stack(0x000000547a400000,0x000000547a500000)]
  0x0000018b095d1090 JavaThread "Unconstrained build operations Thread 103" [_thread_blocked, id=24076, stack(0x000000547a500000,0x000000547a600000)]
  0x0000018b095d1fc0 JavaThread "Unconstrained build operations Thread 104" [_thread_blocked, id=25900, stack(0x000000547a600000,0x000000547a700000)]
  0x0000018b095d0b80 JavaThread "Unconstrained build operations Thread 105" [_thread_blocked, id=24984, stack(0x000000547a700000,0x000000547a800000)]
  0x0000018b095d5c80 JavaThread "Unconstrained build operations Thread 106" [_thread_blocked, id=3256, stack(0x000000547a800000,0x000000547a900000)]
  0x0000018b095d24d0 JavaThread "Unconstrained build operations Thread 107" [_thread_blocked, id=16444, stack(0x000000547a900000,0x000000547aa00000)]
  0x0000018b095d3e20 JavaThread "Unconstrained build operations Thread 108" [_thread_blocked, id=22240, stack(0x000000547aa00000,0x000000547ab00000)]
  0x0000018b095d4d50 JavaThread "Unconstrained build operations Thread 109" [_thread_blocked, id=17772, stack(0x000000547ab00000,0x000000547ac00000)]
  0x0000018b095d3400 JavaThread "Unconstrained build operations Thread 110" [_thread_blocked, id=13376, stack(0x000000547ae00000,0x000000547af00000)]
  0x0000018b095d4330 JavaThread "Unconstrained build operations Thread 111" [_thread_blocked, id=17948, stack(0x000000547af00000,0x000000547b000000)]
  0x0000018b095d4840 JavaThread "Unconstrained build operations Thread 112" [_thread_blocked, id=18160, stack(0x000000547b000000,0x000000547b100000)]
  0x0000018b095d5260 JavaThread "Unconstrained build operations Thread 113" [_thread_blocked, id=20604, stack(0x000000547b100000,0x000000547b200000)]
  0x0000018b095d29e0 JavaThread "Unconstrained build operations Thread 114" [_thread_blocked, id=24180, stack(0x000000547b200000,0x000000547b300000)]
  0x0000018b095d6190 JavaThread "Unconstrained build operations Thread 115" [_thread_blocked, id=1508, stack(0x000000547b300000,0x000000547b400000)]
  0x0000018b095d66a0 JavaThread "Unconstrained build operations Thread 116" [_thread_blocked, id=25040, stack(0x000000547b400000,0x000000547b500000)]
  0x0000018b095d2ef0 JavaThread "Unconstrained build operations Thread 117" [_thread_blocked, id=16316, stack(0x000000547b500000,0x000000547b600000)]
  0x0000018b095d8a10 JavaThread "Unconstrained build operations Thread 118" [_thread_blocked, id=17564, stack(0x000000547b600000,0x000000547b700000)]
  0x0000018b095d6bb0 JavaThread "Unconstrained build operations Thread 119" [_thread_blocked, id=13028, stack(0x000000547b700000,0x000000547b800000)]
  0x0000018b095d7ae0 JavaThread "Unconstrained build operations Thread 120" [_thread_blocked, id=7248, stack(0x000000547b800000,0x000000547b900000)]
  0x0000018b095da360 JavaThread "Unconstrained build operations Thread 121" [_thread_blocked, id=18172, stack(0x000000547b900000,0x000000547ba00000)]
  0x0000018b095d9940 JavaThread "Unconstrained build operations Thread 122" [_thread_blocked, id=5800, stack(0x000000547ba00000,0x000000547bb00000)]
  0x0000018b095da870 JavaThread "Unconstrained build operations Thread 123" [_thread_blocked, id=14920, stack(0x000000547bb00000,0x000000547bc00000)]
  0x0000018b095d70c0 JavaThread "Unconstrained build operations Thread 124" [_thread_blocked, id=25648, stack(0x000000547bc00000,0x000000547bd00000)]
  0x0000018b095d75d0 JavaThread "Unconstrained build operations Thread 125" [_thread_blocked, id=6064, stack(0x000000547bd00000,0x000000547be00000)]
  0x0000018b095d8f20 JavaThread "Unconstrained build operations Thread 126" [_thread_blocked, id=17024, stack(0x000000547be00000,0x000000547bf00000)]
  0x0000018b095d9430 JavaThread "Unconstrained build operations Thread 127" [_thread_blocked, id=8632, stack(0x000000547bf00000,0x000000547c000000)]
  0x0000018b095d9e50 JavaThread "Unconstrained build operations Thread 128" [_thread_blocked, id=2820, stack(0x000000547c000000,0x000000547c100000)]
  0x0000018b095d7ff0 JavaThread "Unconstrained build operations Thread 129" [_thread_blocked, id=19748, stack(0x000000547c100000,0x000000547c200000)]
  0x0000018b095d8500 JavaThread "Unconstrained build operations Thread 130" [_thread_blocked, id=14452, stack(0x000000547c200000,0x000000547c300000)]
  0x0000018b7eafc740 JavaThread "Unconstrained build operations Thread 131" [_thread_blocked, id=4464, stack(0x000000547c300000,0x000000547c400000)]
  0x0000018b7eaf8f90 JavaThread "Unconstrained build operations Thread 132" [_thread_blocked, id=9160, stack(0x000000547c400000,0x000000547c500000)]
  0x0000018b7eafe090 JavaThread "Unconstrained build operations Thread 133" [_thread_blocked, id=17744, stack(0x000000547c500000,0x000000547c600000)]
  0x0000018b099152a0 JavaThread "Unconstrained build operations Thread 134" [_thread_blocked, id=26536, stack(0x000000547c600000,0x000000547c700000)]
  0x0000018b099157b0 JavaThread "Unconstrained build operations Thread 135" [_thread_in_native, id=4956, stack(0x000000547c700000,0x000000547c800000)]
  0x0000018b09912000 JavaThread "Unconstrained build operations Thread 136" [_thread_in_native, id=2828, stack(0x000000547c800000,0x000000547c900000)]
  0x0000018b09913e60 JavaThread "Unconstrained build operations Thread 137" [_thread_blocked, id=12548, stack(0x000000547c900000,0x000000547ca00000)]
  0x0000018b09912f30 JavaThread "Unconstrained build operations Thread 138" [_thread_blocked, id=16856, stack(0x000000547ca00000,0x000000547cb00000)]
  0x0000018b09914880 JavaThread "Unconstrained build operations Thread 139" [_thread_blocked, id=3240, stack(0x000000547cb00000,0x000000547cc00000)]
  0x0000018b09915cc0 JavaThread "Unconstrained build operations Thread 140" [_thread_blocked, id=12580, stack(0x000000547cc00000,0x000000547cd00000)]
  0x0000018b09913950 JavaThread "Unconstrained build operations Thread 141" [_thread_blocked, id=9968, stack(0x000000547cd00000,0x000000547ce00000)]
  0x0000018b09912510 JavaThread "Unconstrained build operations Thread 142" [_thread_in_native, id=20428, stack(0x000000547ce00000,0x000000547cf00000)]
  0x0000018b09913440 JavaThread "Unconstrained build operations Thread 143" [_thread_blocked, id=25772, stack(0x000000547cf00000,0x000000547d000000)]
  0x0000018b09914370 JavaThread "Unconstrained build operations Thread 144" [_thread_in_native, id=23928, stack(0x000000547d000000,0x000000547d100000)]
  0x0000018b099161d0 JavaThread "Unconstrained build operations Thread 145" [_thread_blocked, id=22660, stack(0x000000547d100000,0x000000547d200000)]
  0x0000018b09912a20 JavaThread "Unconstrained build operations Thread 146" [_thread_in_native, id=23836, stack(0x000000547d200000,0x000000547d300000)]
  0x0000018b09917b20 JavaThread "Unconstrained build operations Thread 147" [_thread_blocked, id=12740, stack(0x000000547d300000,0x000000547d400000)]
  0x0000018b09919980 JavaThread "Unconstrained build operations Thread 148" [_thread_in_native, id=25248, stack(0x000000547d400000,0x000000547d500000)]
  0x0000018b09918540 JavaThread "Unconstrained build operations Thread 149" [_thread_in_native, id=9000, stack(0x000000547d500000,0x000000547d600000)]
  0x0000018b09917610 JavaThread "Unconstrained build operations Thread 150" [_thread_in_Java, id=23964, stack(0x000000547d600000,0x000000547d700000)]
  0x0000018b09918a50 JavaThread "Unconstrained build operations Thread 151" [_thread_blocked, id=25968, stack(0x000000547d700000,0x000000547d800000)]
  0x0000018b09918030 JavaThread "Unconstrained build operations Thread 152" [_thread_blocked, id=20832, stack(0x000000547d800000,0x000000547d900000)]
  0x0000018b09918f60 JavaThread "Unconstrained build operations Thread 153" [_thread_blocked, id=21296, stack(0x000000547d900000,0x000000547da00000)]
  0x0000018b09919470 JavaThread "Unconstrained build operations Thread 154" [_thread_in_native, id=25204, stack(0x000000547da00000,0x000000547db00000)]
  0x0000018b099166e0 JavaThread "Unconstrained build operations Thread 155" [_thread_in_Java, id=22688, stack(0x000000547db00000,0x000000547dc00000)]
  0x0000018b09916bf0 JavaThread "Unconstrained build operations Thread 156" [_thread_blocked, id=25808, stack(0x000000547dc00000,0x000000547dd00000)]
  0x0000018b09917100 JavaThread "Unconstrained build operations Thread 157" [_thread_blocked, id=15188, stack(0x000000547dd00000,0x000000547de00000)]
  0x0000018b7d51dfa0 JavaThread "Unconstrained build operations Thread 158" [_thread_in_native, id=25584, stack(0x000000547de00000,0x000000547df00000)]
  0x0000018b07892e80 JavaThread "Unconstrained build operations Thread 159" [_thread_blocked, id=26244, stack(0x000000547df00000,0x000000547e000000)]
  0x0000018b078938a0 JavaThread "Unconstrained build operations Thread 160" [_thread_in_native, id=23716, stack(0x000000547e000000,0x000000547e100000)]
  0x0000018b07893390 JavaThread "Unconstrained build operations Thread 161" [_thread_blocked, id=2428, stack(0x000000547e100000,0x000000547e200000)]
  0x0000018b07891020 JavaThread "Unconstrained build operations Thread 162" [_thread_in_native, id=3376, stack(0x000000547e200000,0x000000547e300000)]
  0x0000018b07891530 JavaThread "Unconstrained build operations Thread 163" [_thread_in_native, id=18480, stack(0x000000547e300000,0x000000547e400000)]
  0x0000018b07891f50 JavaThread "Unconstrained build operations Thread 164" [_thread_blocked, id=26528, stack(0x000000547e400000,0x000000547e500000)]
  0x0000018b078900f0 JavaThread "Unconstrained build operations Thread 165" [_thread_blocked, id=17872, stack(0x000000547e500000,0x000000547e600000)]
  0x0000018b07893db0 JavaThread "Unconstrained build operations Thread 166" [_thread_blocked, id=14240, stack(0x000000547e600000,0x000000547e700000)]
  0x0000018b07892970 JavaThread "Unconstrained build operations Thread 167" [_thread_blocked, id=19776, stack(0x000000547e700000,0x000000547e800000)]
  0x0000018b07890b10 JavaThread "Unconstrained build operations Thread 168" [_thread_in_native, id=1124, stack(0x000000547e800000,0x000000547e900000)]
  0x0000018b07891a40 JavaThread "Unconstrained build operations Thread 169" [_thread_blocked, id=9140, stack(0x000000547e900000,0x000000547ea00000)]
  0x0000018b07890600 JavaThread "Unconstrained build operations Thread 170" [_thread_blocked, id=18524, stack(0x000000547ea00000,0x000000547eb00000)]
  0x0000018b07895c10 JavaThread "Unconstrained build operations Thread 171" [_thread_blocked, id=5524, stack(0x000000547eb00000,0x000000547ec00000)]
  0x0000018b07894ce0 JavaThread "Unconstrained build operations Thread 172" [_thread_blocked, id=26628, stack(0x000000547ec00000,0x000000547ed00000)]
  0x0000018b078942c0 JavaThread "Unconstrained build operations Thread 173" [_thread_blocked, id=26632, stack(0x000000547ed00000,0x000000547ee00000)]
  0x0000018b078947d0 JavaThread "Unconstrained build operations Thread 174" [_thread_blocked, id=26636, stack(0x000000547ee00000,0x000000547ef00000)]
  0x0000018b078951f0 JavaThread "Unconstrained build operations Thread 175" [_thread_blocked, id=26640, stack(0x000000547ef00000,0x000000547f000000)]
  0x0000018b07895700 JavaThread "Unconstrained build operations Thread 176" [_thread_in_native, id=26644, stack(0x000000547f000000,0x000000547f100000)]
  0x0000018b078993c0 JavaThread "Unconstrained build operations Thread 177" [_thread_blocked, id=26864, stack(0x0000005471d00000,0x0000005471e00000)]
  0x0000018b07897560 JavaThread "Unconstrained build operations Thread 178" [_thread_blocked, id=26868, stack(0x0000005476e00000,0x0000005476f00000)]
  0x0000018b078998d0 JavaThread "Unconstrained build operations Thread 179" [_thread_blocked, id=26872, stack(0x0000005476f00000,0x0000005477000000)]
  0x0000018b07896120 JavaThread "Unconstrained build operations Thread 180" [_thread_blocked, id=26876, stack(0x000000547f100000,0x000000547f200000)]
  0x0000018b07897f80 JavaThread "Unconstrained build operations Thread 181" [_thread_blocked, id=26880, stack(0x000000547f200000,0x000000547f300000)]
  0x0000018b07897a70 JavaThread "Unconstrained build operations Thread 182" [_thread_blocked, id=26884, stack(0x000000547f300000,0x000000547f400000)]
  0x0000018b07896630 JavaThread "Unconstrained build operations Thread 183" [_thread_blocked, id=26888, stack(0x000000547f400000,0x000000547f500000)]
  0x0000018b0789b220 JavaThread "Unconstrained build operations Thread 184" [_thread_blocked, id=26892, stack(0x000000547f500000,0x000000547f600000)]
  0x0000018b07899de0 JavaThread "Unconstrained build operations Thread 185" [_thread_blocked, id=26896, stack(0x000000547f600000,0x000000547f700000)]
  0x0000018b0789b730 JavaThread "Unconstrained build operations Thread 186" [_thread_blocked, id=26900, stack(0x000000547f700000,0x000000547f800000)]
  0x0000018b0789bc40 JavaThread "Unconstrained build operations Thread 187" [_thread_blocked, id=26904, stack(0x000000547f800000,0x000000547f900000)]
  0x0000018b0789ad10 JavaThread "Unconstrained build operations Thread 188" [_thread_blocked, id=26908, stack(0x000000547f900000,0x000000547fa00000)]
  0x0000018b0789a2f0 JavaThread "Unconstrained build operations Thread 189" [_thread_blocked, id=26912, stack(0x000000547fa00000,0x000000547fb00000)]
  0x0000018b0789a800 JavaThread "Unconstrained build operations Thread 190" [_thread_blocked, id=26916, stack(0x000000547fb00000,0x000000547fc00000)]
  0x0000018b0789f900 JavaThread "Unconstrained build operations Thread 191" [_thread_blocked, id=22728, stack(0x0000005470200000,0x0000005470300000)]
  0x0000018b0789dfb0 JavaThread "Unconstrained build operations Thread 192" [_thread_blocked, id=11476, stack(0x000000547fc00000,0x000000547fd00000)]
  0x0000018b0789e9d0 JavaThread "Unconstrained build operations Thread 193" [_thread_blocked, id=3428, stack(0x000000547fd00000,0x000000547fe00000)]
  0x0000018b0789e4c0 JavaThread "Unconstrained build operations Thread 194" [_thread_blocked, id=21128, stack(0x000000547fe00000,0x000000547ff00000)]
  0x0000018b0789eee0 JavaThread "Unconstrained build operations Thread 195" [_thread_blocked, id=22836, stack(0x000000547ff00000,0x0000005480000000)]
  0x0000018b0789f3f0 JavaThread "Unconstrained build operations Thread 196" [_thread_blocked, id=11440, stack(0x0000005400000000,0x0000005400100000)]
  0x0000018b0789c660 JavaThread "Unconstrained build operations Thread 197" [_thread_blocked, id=6272, stack(0x0000005400100000,0x0000005400200000)]
  0x0000018b0789cb70 JavaThread "Unconstrained build operations Thread 198" [_thread_blocked, id=23720, stack(0x0000005400200000,0x0000005400300000)]
  0x0000018b0789d080 JavaThread "Unconstrained build operations Thread 199" [_thread_blocked, id=5184, stack(0x0000005400300000,0x0000005400400000)]
  0x0000018b0789d590 JavaThread "Unconstrained build operations Thread 200" [_thread_blocked, id=24100, stack(0x0000005400400000,0x0000005400500000)]
  0x0000018b0789daa0 JavaThread "Unconstrained build operations Thread 201" [_thread_blocked, id=8124, stack(0x0000005400500000,0x0000005400600000)]
  0x0000018b095cc4a0 JavaThread "Unconstrained build operations Thread 202" [_thread_blocked, id=2536, stack(0x0000005400600000,0x0000005400700000)]
  0x0000018b7edcbd40 JavaThread "Unconstrained build operations Thread 203" [_thread_blocked, id=26024, stack(0x0000005400700000,0x0000005400800000)]
  0x0000018b063133e0 JavaThread "Unconstrained build operations Thread 204" [_thread_blocked, id=1920, stack(0x0000005400800000,0x0000005400900000)]
  0x0000018b06312ed0 JavaThread "Unconstrained build operations Thread 205" [_thread_blocked, id=23712, stack(0x0000005400900000,0x0000005400a00000)]
  0x0000018b06310140 JavaThread "Unconstrained build operations Thread 206" [_thread_blocked, id=25088, stack(0x0000005400a00000,0x0000005400b00000)]
  0x0000018b06311070 JavaThread "Unconstrained build operations Thread 207" [_thread_blocked, id=17636, stack(0x0000005400b00000,0x0000005400c00000)]
  0x0000018b063124b0 JavaThread "Unconstrained build operations Thread 208" [_thread_blocked, id=19988, stack(0x0000005400c00000,0x0000005400d00000)]
  0x0000018b06313e00 JavaThread "Unconstrained build operations Thread 209" [_thread_blocked, id=26364, stack(0x0000005400f00000,0x0000005401000000)]
  0x0000018b06310650 JavaThread "Unconstrained build operations Thread 210" [_thread_blocked, id=20760, stack(0x0000005401000000,0x0000005401100000)]
  0x0000018b06314310 JavaThread "Unconstrained build operations Thread 211" [_thread_blocked, id=27496, stack(0x0000005401100000,0x0000005401200000)]
  0x0000018b06310b60 JavaThread "Unconstrained build operations Thread 212" [_thread_blocked, id=27508, stack(0x0000005401200000,0x0000005401300000)]
  0x0000018b06314820 JavaThread "Unconstrained build operations Thread 213" [_thread_blocked, id=26360, stack(0x0000005401300000,0x0000005401400000)]
  0x0000018b06314d30 JavaThread "Unconstrained build operations Thread 214" [_thread_blocked, id=27512, stack(0x0000005401400000,0x0000005401500000)]
  0x0000018b06311580 JavaThread "Unconstrained build operations Thread 215" [_thread_blocked, id=2188, stack(0x0000005401500000,0x0000005401600000)]
  0x0000018b06315240 JavaThread "Unconstrained build operations Thread 216" [_thread_blocked, id=27544, stack(0x0000005401600000,0x0000005401700000)]
  0x0000018b06315750 JavaThread "Unconstrained build operations Thread 217" [_thread_blocked, id=27556, stack(0x0000005401700000,0x0000005401800000)]
  0x0000018b06311fa0 JavaThread "Unconstrained build operations Thread 218" [_thread_blocked, id=27548, stack(0x0000005401800000,0x0000005401900000)]
  0x0000018b06317fd0 JavaThread "Unconstrained build operations Thread 219" [_thread_blocked, id=26952, stack(0x0000005401900000,0x0000005401a00000)]
  0x0000018b06316170 JavaThread "Unconstrained build operations Thread 220" [_thread_blocked, id=26828, stack(0x0000005401a00000,0x0000005401b00000)]
  0x0000018b063129c0 JavaThread "WorkerExecutor Queue Thread 24" [_thread_blocked, id=11076, stack(0x0000005402300000,0x0000005402400000)]
  0x0000018b06318f00 JavaThread "WorkerExecutor Queue Thread 25" [_thread_blocked, id=26840, stack(0x0000005402400000,0x0000005402500000)]
  0x0000018b162544f0 JavaThread "pool-3-thread-1" [_thread_blocked, id=27212, stack(0x0000005403b00000,0x0000005403c00000)]
  0x0000018b162535c0 JavaThread "stderr" [_thread_in_native, id=27156, stack(0x0000005403c00000,0x0000005403d00000)]
  0x0000018b16251c70 JavaThread "stderr" [_thread_in_native, id=27244, stack(0x0000005403d00000,0x0000005403e00000)]
  0x0000018b16252180 JavaThread "stdout" [_thread_in_native, id=27280, stack(0x0000005403e00000,0x0000005403f00000)]
  0x0000018b16251760 JavaThread "stdout" [_thread_in_native, id=27596, stack(0x0000005403f00000,0x0000005404000000)]
  0x0000018b16254a00 JavaThread "stderr" [_thread_in_native, id=26756, stack(0x0000005404000000,0x0000005404100000)]
  0x0000018b16251250 JavaThread "stdout" [_thread_in_native, id=22044, stack(0x0000005404100000,0x0000005404200000)]
  0x0000018b162586c0 JavaThread "RMI Scheduler(0)" daemon [_thread_blocked, id=7836, stack(0x0000005400d00000,0x0000005400e00000)]
  0x0000018b16259b00 JavaThread "RMI GC Daemon" daemon [_thread_blocked, id=14948, stack(0x0000005401d00000,0x0000005401e00000)]
  0x0000018b1625aa30 JavaThread "RMI TCP Accept-0" daemon [_thread_in_native, id=3596, stack(0x0000005402100000,0x0000005402200000)]
  0x0000018b16258bd0 JavaThread "RMI Reaper" [_thread_blocked, id=20276, stack(0x0000005402500000,0x0000005402600000)]
  0x0000018b16257280 JavaThread "RMI TCP Connection(2)-127.0.0.1" daemon [_thread_in_native, id=26012, stack(0x0000005402600000,0x0000005402700000)]
  0x0000018b0e5da1c0 JavaThread "C2 CompilerThread1" daemon [_thread_in_native, id=21736, stack(0x0000005401b00000,0x0000005401c00000)]
  0x0000018b0e5d6750 JavaThread "C2 CompilerThread2" daemon [_thread_in_native, id=508, stack(0x0000005401c00000,0x0000005401d00000)]
=>0x0000018b0e5d8c80 JavaThread "C2 CompilerThread3" daemon [_thread_in_native, id=13264, stack(0x0000005401e00000,0x0000005401f00000)]
  0x0000018b0e5d91d0 JavaThread "C1 CompilerThread1" daemon [_thread_blocked, id=6248, stack(0x0000005402700000,0x0000005402800000)]
  0x0000018b0e5da710 JavaThread "C1 CompilerThread2" daemon [_thread_blocked, id=26736, stack(0x0000005402800000,0x0000005402900000)]
  0x0000018b0e5dac60 JavaThread "C1 CompilerThread3" daemon [_thread_blocked, id=26740, stack(0x0000005402900000,0x0000005402a00000)]

Other Threads:
  0x0000018b3b17f300 VMThread "VM Thread" [stack: 0x000000546b500000,0x000000546b600000] [id=13136]
  0x0000018b1bc80f20 WatcherThread [stack: 0x000000546c200000,0x000000546c300000] [id=20668]
  0x0000018b1bcdb970 GCTaskThread "GC Thread#0" [stack: 0x000000546b000000,0x000000546b100000] [id=9504]
  0x0000018b1bcee200 GCTaskThread "GC Thread#1" [stack: 0x000000546c800000,0x000000546c900000] [id=9168]
  0x0000018b1bced990 GCTaskThread "GC Thread#2" [stack: 0x000000546c900000,0x000000546ca00000] [id=6732]
  0x0000018b1bcee4d0 GCTaskThread "GC Thread#3" [stack: 0x000000546ca00000,0x000000546cb00000] [id=22752]
  0x0000018b1bceea70 GCTaskThread "GC Thread#4" [stack: 0x000000546cb00000,0x000000546cc00000] [id=19328]
  0x0000018b1bcedc60 GCTaskThread "GC Thread#5" [stack: 0x000000546cc00000,0x000000546cd00000] [id=10428]
  0x0000018b0498fb80 GCTaskThread "GC Thread#6" [stack: 0x000000546db00000,0x000000546dc00000] [id=25376]
  0x0000018b0498e500 GCTaskThread "GC Thread#7" [stack: 0x000000546dc00000,0x000000546dd00000] [id=15608]
  0x0000018b049903f0 GCTaskThread "GC Thread#8" [stack: 0x000000546dd00000,0x000000546de00000] [id=25924]
  0x0000018b04991200 GCTaskThread "GC Thread#9" [stack: 0x000000546de00000,0x000000546df00000] [id=23980]
  0x0000018b049906c0 GCTaskThread "GC Thread#10" [stack: 0x000000546df00000,0x000000546e000000] [id=18220]
  0x0000018b0498df60 GCTaskThread "GC Thread#11" [stack: 0x000000546e000000,0x000000546e100000] [id=25168]
  0x0000018b0498e230 GCTaskThread "GC Thread#12" [stack: 0x000000546e100000,0x000000546e200000] [id=16508]
  0x0000018b049914d0 GCTaskThread "GC Thread#13" [stack: 0x000000546e200000,0x000000546e300000] [id=15276]
  0x0000018b0498e7d0 GCTaskThread "GC Thread#14" [stack: 0x000000546e300000,0x000000546e400000] [id=26492]
  0x0000018b04990990 GCTaskThread "GC Thread#15" [stack: 0x000000546e400000,0x000000546e500000] [id=22712]
  0x0000018b1984e8b0 ConcurrentGCThread "G1 Main Marker" [stack: 0x000000546b100000,0x000000546b200000] [id=11808]
  0x0000018b1bcece50 ConcurrentGCThread "G1 Conc#0" [stack: 0x000000546b200000,0x000000546b300000] [id=18896]
  0x0000018b0498f5e0 ConcurrentGCThread "G1 Conc#1" [stack: 0x000000546e500000,0x000000546e600000] [id=12060]
  0x0000018b0498eaa0 ConcurrentGCThread "G1 Conc#2" [stack: 0x000000546e600000,0x000000546e700000] [id=24972]
  0x0000018b0498f310 ConcurrentGCThread "G1 Conc#3" [stack: 0x000000546e700000,0x000000546e800000] [id=1996]
  0x0000018b3b0afeb0 ConcurrentGCThread "G1 Refine#0" [stack: 0x000000546b300000,0x000000546b400000] [id=7452]
  0x0000018b069c43a0 ConcurrentGCThread "G1 Refine#1" [stack: 0x0000005471e00000,0x0000005471f00000] [id=18088]
  0x0000018b069c55a0 ConcurrentGCThread "G1 Refine#2" [stack: 0x0000005474d00000,0x0000005474e00000] [id=24756]
  0x0000018b069c70a0 ConcurrentGCThread "G1 Refine#3" [stack: 0x0000005474e00000,0x0000005474f00000] [id=20964]
  0x0000018b069c4fa0 ConcurrentGCThread "G1 Refine#4" [stack: 0x0000005474f00000,0x0000005475000000] [id=23636]
  0x0000018b06ec3a20 ConcurrentGCThread "G1 Refine#5" [stack: 0x0000005401f00000,0x0000005402000000] [id=27484]
  0x0000018b06540480 ConcurrentGCThread "G1 Refine#6" [stack: 0x0000005402000000,0x0000005402100000] [id=27492]
  0x0000018b098e0b20 ConcurrentGCThread "G1 Refine#7" [stack: 0x0000005402200000,0x0000005402300000] [id=27552]
  0x0000018b06ec2a10 ConcurrentGCThread "G1 Refine#8" [stack: 0x0000005404200000,0x0000005404300000] [id=25288]
  0x0000018b06ec3720 ConcurrentGCThread "G1 Refine#9" [stack: 0x0000005404300000,0x0000005404400000] [id=27332]
  0x0000018b0653fb80 ConcurrentGCThread "G1 Refine#10" [stack: 0x0000005404400000,0x0000005404500000] [id=27336]
  0x0000018b0efcc580 ConcurrentGCThread "G1 Refine#11" [stack: 0x0000005404500000,0x0000005404600000] [id=12712]
  0x0000018b3b0b19b0 ConcurrentGCThread "G1 Service" [stack: 0x000000546b400000,0x000000546b500000] [id=23848]

Threads with active compile tasks:
C2 CompilerThread0  149805 35875       4       org.jetbrains.org.objectweb.asm.ClassReader::readField (667 bytes)
C2 CompilerThread1  149805 35832   !   4       java.io.ObjectOutputStream::writeOrdinaryObject (196 bytes)
C2 CompilerThread2  149805 35863       4       org.gradle.internal.file.FileHierarchySet$Node::plus (337 bytes)
C2 CompilerThread3  149805 35886       4       org.jetbrains.org.objectweb.asm.ClassReader::readMethod (1061 bytes)

VM state: not at safepoint (normal execution)

VM Mutex/Monitor currently owned by a thread: None

Heap address: 0x0000000080000000, size: 2048 MB, Compressed Oops mode: 32-bit

CDS archive(s) mapped at: [0x0000018b3c000000-0x0000018b3cbb0000-0x0000018b3cbb0000), size 12255232, SharedBaseAddress: 0x0000018b3c000000, ArchiveRelocationMode: 1.
Compressed class space mapped at: 0x0000018b3d000000-0x0000018b7d000000, reserved size: 1073741824
Narrow klass base: 0x0000018b3c000000, Narrow klass shift: 0, Narrow klass range: 0x100000000

GC Precious Log:
 CPUs: 22 total, 22 available
 Memory: 16085M
 Large Page Support: Disabled
 NUMA Support: Disabled
 Compressed Oops: Enabled (32-bit)
 Heap Region Size: 1M
 Heap Min Capacity: 8M
 Heap Initial Capacity: 252M
 Heap Max Capacity: 2G
 Pre-touch: Disabled
 Parallel Workers: 16
 Concurrent Workers: 4
 Concurrent Refinement Workers: 16
 Periodic GC: Disabled

Heap:
 garbage-first heap   total 894976K, used 647899K [0x0000000080000000, 0x0000000100000000)
  region size 1024K, 90 young (92160K), 8 survivors (8192K)
 Metaspace       used 151737K, committed 152768K, reserved 1245184K
  class space    used 20411K, committed 20928K, reserved 1048576K

Heap Regions: E=young(eden), S=young(survivor), O=old, HS=humongous(starts), HC=humongous(continues), CS=collection set, F=free, OA=open archive, CA=closed archive, TAMS=top-at-mark-start (previous, next)
|   0|0x0000000080000000, 0x0000000080100000, 0x0000000080100000|100%|HS|  |TAMS 0x0000000080100000, 0x0000000080000000| Complete 
|   1|0x0000000080100000, 0x0000000080200000, 0x0000000080200000|100%|HC|  |TAMS 0x0000000080200000, 0x0000000080100000| Complete 
|   2|0x0000000080200000, 0x0000000080300000, 0x0000000080300000|100%|HC|  |TAMS 0x0000000080300000, 0x0000000080200000| Complete 
|   3|0x0000000080300000, 0x0000000080400000, 0x0000000080400000|100%|HC|  |TAMS 0x0000000080400000, 0x0000000080300000| Complete 
|   4|0x0000000080400000, 0x0000000080500000, 0x0000000080500000|100%| O|  |TAMS 0x0000000080500000, 0x0000000080400000| Untracked 
|   5|0x0000000080500000, 0x0000000080600000, 0x0000000080600000|100%| O|  |TAMS 0x0000000080600000, 0x0000000080500000| Untracked 
|   6|0x0000000080600000, 0x0000000080700000, 0x0000000080700000|100%| O|  |TAMS 0x0000000080700000, 0x0000000080600000| Untracked 
|   7|0x0000000080700000, 0x0000000080800000, 0x0000000080800000|100%| O|  |TAMS 0x0000000080800000, 0x0000000080700000| Untracked 
|   8|0x0000000080800000, 0x0000000080900000, 0x0000000080900000|100%| O|  |TAMS 0x0000000080900000, 0x0000000080800000| Untracked 
|   9|0x0000000080900000, 0x0000000080a00000, 0x0000000080a00000|100%| O|  |TAMS 0x0000000080a00000, 0x0000000080900000| Untracked 
|  10|0x0000000080a00000, 0x0000000080b00000, 0x0000000080b00000|100%| O|  |TAMS 0x0000000080b00000, 0x0000000080a00000| Untracked 
|  11|0x0000000080b00000, 0x0000000080c00000, 0x0000000080c00000|100%| O|  |TAMS 0x0000000080c00000, 0x0000000080b00000| Untracked 
|  12|0x0000000080c00000, 0x0000000080d00000, 0x0000000080d00000|100%| O|  |TAMS 0x0000000080d00000, 0x0000000080c00000| Untracked 
|  13|0x0000000080d00000, 0x0000000080e00000, 0x0000000080e00000|100%| O|  |TAMS 0x0000000080e00000, 0x0000000080d00000| Untracked 
|  14|0x0000000080e00000, 0x0000000080f00000, 0x0000000080f00000|100%| O|  |TAMS 0x0000000080f00000, 0x0000000080e00000| Untracked 
|  15|0x0000000080f00000, 0x0000000081000000, 0x0000000081000000|100%| O|  |TAMS 0x0000000081000000, 0x0000000080f00000| Untracked 
|  16|0x0000000081000000, 0x0000000081100000, 0x0000000081100000|100%| O|  |TAMS 0x0000000081100000, 0x0000000081000000| Untracked 
|  17|0x0000000081100000, 0x0000000081200000, 0x0000000081200000|100%| O|  |TAMS 0x0000000081200000, 0x0000000081100000| Untracked 
|  18|0x0000000081200000, 0x0000000081300000, 0x0000000081300000|100%| O|  |TAMS 0x0000000081300000, 0x0000000081200000| Untracked 
|  19|0x0000000081300000, 0x0000000081400000, 0x0000000081400000|100%| O|  |TAMS 0x0000000081400000, 0x0000000081300000| Untracked 
|  20|0x0000000081400000, 0x0000000081500000, 0x0000000081500000|100%| O|  |TAMS 0x0000000081500000, 0x0000000081400000| Untracked 
|  21|0x0000000081500000, 0x0000000081600000, 0x0000000081600000|100%| O|  |TAMS 0x0000000081600000, 0x0000000081500000| Untracked 
|  22|0x0000000081600000, 0x0000000081700000, 0x0000000081700000|100%|HS|  |TAMS 0x0000000081700000, 0x0000000081600000| Complete 
|  23|0x0000000081700000, 0x0000000081800000, 0x0000000081800000|100%| O|  |TAMS 0x0000000081800000, 0x0000000081700000| Untracked 
|  24|0x0000000081800000, 0x0000000081900000, 0x0000000081900000|100%| O|  |TAMS 0x0000000081900000, 0x0000000081800000| Untracked 
|  25|0x0000000081900000, 0x0000000081a00000, 0x0000000081a00000|100%| O|  |TAMS 0x0000000081a00000, 0x0000000081900000| Untracked 
|  26|0x0000000081a00000, 0x0000000081b00000, 0x0000000081b00000|100%| O|  |TAMS 0x0000000081a00000, 0x0000000081a00000| Untracked 
|  27|0x0000000081b00000, 0x0000000081c00000, 0x0000000081c00000|100%|HS|  |TAMS 0x0000000081c00000, 0x0000000081b00000| Complete 
|  28|0x0000000081c00000, 0x0000000081d00000, 0x0000000081d00000|100%|HC|  |TAMS 0x0000000081d00000, 0x0000000081c00000| Complete 
|  29|0x0000000081d00000, 0x0000000081e00000, 0x0000000081e00000|100%| O|  |TAMS 0x0000000081e00000, 0x0000000081d00000| Untracked 
|  30|0x0000000081e00000, 0x0000000081f00000, 0x0000000081f00000|100%| O|  |TAMS 0x0000000081f00000, 0x0000000081e00000| Untracked 
|  31|0x0000000081f00000, 0x0000000082000000, 0x0000000082000000|100%| O|  |TAMS 0x0000000082000000, 0x0000000081f00000| Untracked 
|  32|0x0000000082000000, 0x0000000082100000, 0x0000000082100000|100%| O|  |TAMS 0x0000000082100000, 0x0000000082000000| Untracked 
|  33|0x0000000082100000, 0x0000000082200000, 0x0000000082200000|100%| O|  |TAMS 0x0000000082200000, 0x0000000082100000| Untracked 
|  34|0x0000000082200000, 0x0000000082300000, 0x0000000082300000|100%| O|  |TAMS 0x0000000082300000, 0x0000000082200000| Untracked 
|  35|0x0000000082300000, 0x0000000082400000, 0x0000000082400000|100%| O|  |TAMS 0x0000000082400000, 0x0000000082300000| Untracked 
|  36|0x0000000082400000, 0x0000000082500000, 0x0000000082500000|100%| O|  |TAMS 0x0000000082500000, 0x0000000082400000| Untracked 
|  37|0x0000000082500000, 0x0000000082600000, 0x0000000082600000|100%| O|  |TAMS 0x0000000082600000, 0x0000000082500000| Untracked 
|  38|0x0000000082600000, 0x0000000082700000, 0x0000000082700000|100%| O|  |TAMS 0x0000000082700000, 0x0000000082600000| Untracked 
|  39|0x0000000082700000, 0x0000000082800000, 0x0000000082800000|100%| O|  |TAMS 0x0000000082800000, 0x0000000082700000| Untracked 
|  40|0x0000000082800000, 0x0000000082900000, 0x0000000082900000|100%| O|  |TAMS 0x0000000082900000, 0x0000000082800000| Untracked 
|  41|0x0000000082900000, 0x0000000082a00000, 0x0000000082a00000|100%| O|  |TAMS 0x0000000082a00000, 0x0000000082900000| Untracked 
|  42|0x0000000082a00000, 0x0000000082b00000, 0x0000000082b00000|100%| O|  |TAMS 0x0000000082b00000, 0x0000000082a00000| Untracked 
|  43|0x0000000082b00000, 0x0000000082c00000, 0x0000000082c00000|100%| O|  |TAMS 0x0000000082c00000, 0x0000000082b00000| Untracked 
|  44|0x0000000082c00000, 0x0000000082d00000, 0x0000000082d00000|100%| O|  |TAMS 0x0000000082d00000, 0x0000000082c00000| Untracked 
|  45|0x0000000082d00000, 0x0000000082e00000, 0x0000000082e00000|100%| O|  |TAMS 0x0000000082e00000, 0x0000000082d00000| Untracked 
|  46|0x0000000082e00000, 0x0000000082f00000, 0x0000000082f00000|100%| O|  |TAMS 0x0000000082f00000, 0x0000000082e00000| Untracked 
|  47|0x0000000082f00000, 0x0000000083000000, 0x0000000083000000|100%| O|  |TAMS 0x0000000083000000, 0x0000000082f00000| Untracked 
|  48|0x0000000083000000, 0x0000000083100000, 0x0000000083100000|100%| O|  |TAMS 0x0000000083100000, 0x0000000083000000| Untracked 
|  49|0x0000000083100000, 0x0000000083200000, 0x0000000083200000|100%|HS|  |TAMS 0x0000000083200000, 0x0000000083100000| Complete 
|  50|0x0000000083200000, 0x0000000083300000, 0x0000000083300000|100%|HS|  |TAMS 0x0000000083300000, 0x0000000083200000| Complete 
|  51|0x0000000083300000, 0x0000000083400000, 0x0000000083400000|100%|HC|  |TAMS 0x0000000083400000, 0x0000000083300000| Complete 
|  52|0x0000000083400000, 0x0000000083500000, 0x0000000083500000|100%|HS|  |TAMS 0x0000000083500000, 0x0000000083400000| Complete 
|  53|0x0000000083500000, 0x0000000083600000, 0x0000000083600000|100%|HS|  |TAMS 0x0000000083600000, 0x0000000083500000| Complete 
|  54|0x0000000083600000, 0x0000000083700000, 0x0000000083700000|100%|HS|  |TAMS 0x0000000083700000, 0x0000000083600000| Complete 
|  55|0x0000000083700000, 0x0000000083800000, 0x0000000083800000|100%|HC|  |TAMS 0x0000000083800000, 0x0000000083700000| Complete 
|  56|0x0000000083800000, 0x0000000083900000, 0x0000000083900000|100%|HC|  |TAMS 0x0000000083900000, 0x0000000083800000| Complete 
|  57|0x0000000083900000, 0x0000000083a00000, 0x0000000083a00000|100%|HC|  |TAMS 0x0000000083a00000, 0x0000000083900000| Complete 
|  58|0x0000000083a00000, 0x0000000083b00000, 0x0000000083b00000|100%| O|  |TAMS 0x0000000083b00000, 0x0000000083a00000| Untracked 
|  59|0x0000000083b00000, 0x0000000083c00000, 0x0000000083c00000|100%|HS|  |TAMS 0x0000000083c00000, 0x0000000083b00000| Complete 
|  60|0x0000000083c00000, 0x0000000083d00000, 0x0000000083d00000|100%|HC|  |TAMS 0x0000000083d00000, 0x0000000083c00000| Complete 
|  61|0x0000000083d00000, 0x0000000083e00000, 0x0000000083e00000|100%|HS|  |TAMS 0x0000000083e00000, 0x0000000083d00000| Complete 
|  62|0x0000000083e00000, 0x0000000083f00000, 0x0000000083f00000|100%| O|  |TAMS 0x0000000083f00000, 0x0000000083e00000| Untracked 
|  63|0x0000000083f00000, 0x0000000084000000, 0x0000000084000000|100%| O|  |TAMS 0x0000000084000000, 0x0000000083f00000| Untracked 
|  64|0x0000000084000000, 0x0000000084100000, 0x0000000084100000|100%| O|  |TAMS 0x0000000084100000, 0x0000000084000000| Untracked 
|  65|0x0000000084100000, 0x0000000084200000, 0x0000000084200000|100%| O|  |TAMS 0x0000000084200000, 0x0000000084100000| Untracked 
|  66|0x0000000084200000, 0x0000000084300000, 0x0000000084300000|100%| O|  |TAMS 0x0000000084300000, 0x0000000084200000| Untracked 
|  67|0x0000000084300000, 0x0000000084400000, 0x0000000084400000|100%| O|  |TAMS 0x0000000084400000, 0x0000000084300000| Untracked 
|  68|0x0000000084400000, 0x0000000084500000, 0x0000000084500000|100%| O|  |TAMS 0x0000000084500000, 0x0000000084400000| Untracked 
|  69|0x0000000084500000, 0x0000000084600000, 0x0000000084600000|100%| O|  |TAMS 0x0000000084600000, 0x0000000084500000| Untracked 
|  70|0x0000000084600000, 0x0000000084700000, 0x0000000084700000|100%| O|  |TAMS 0x0000000084700000, 0x0000000084600000| Untracked 
|  71|0x0000000084700000, 0x0000000084800000, 0x0000000084800000|100%| O|  |TAMS 0x0000000084800000, 0x0000000084700000| Untracked 
|  72|0x0000000084800000, 0x0000000084900000, 0x0000000084900000|100%| O|  |TAMS 0x0000000084900000, 0x0000000084800000| Untracked 
|  73|0x0000000084900000, 0x0000000084a00000, 0x0000000084a00000|100%|HS|  |TAMS 0x0000000084a00000, 0x0000000084900000| Complete 
|  74|0x0000000084a00000, 0x0000000084b00000, 0x0000000084b00000|100%|HC|  |TAMS 0x0000000084b00000, 0x0000000084a00000| Complete 
|  75|0x0000000084b00000, 0x0000000084c00000, 0x0000000084c00000|100%|HC|  |TAMS 0x0000000084c00000, 0x0000000084b00000| Complete 
|  76|0x0000000084c00000, 0x0000000084d00000, 0x0000000084d00000|100%|HC|  |TAMS 0x0000000084d00000, 0x0000000084c00000| Complete 
|  77|0x0000000084d00000, 0x0000000084e00000, 0x0000000084e00000|100%| O|  |TAMS 0x0000000084e00000, 0x0000000084d00000| Untracked 
|  78|0x0000000084e00000, 0x0000000084f00000, 0x0000000084f00000|100%| O|  |TAMS 0x0000000084f00000, 0x0000000084e00000| Untracked 
|  79|0x0000000084f00000, 0x0000000085000000, 0x0000000085000000|100%| O|  |TAMS 0x0000000085000000, 0x0000000084f00000| Untracked 
|  80|0x0000000085000000, 0x0000000085100000, 0x0000000085100000|100%| O|  |TAMS 0x0000000085100000, 0x0000000085000000| Untracked 
|  81|0x0000000085100000, 0x0000000085200000, 0x0000000085200000|100%| O|  |TAMS 0x0000000085200000, 0x0000000085100000| Untracked 
|  82|0x0000000085200000, 0x0000000085300000, 0x0000000085300000|100%| O|  |TAMS 0x0000000085300000, 0x0000000085200000| Untracked 
|  83|0x0000000085300000, 0x0000000085400000, 0x0000000085400000|100%| O|  |TAMS 0x0000000085400000, 0x0000000085300000| Untracked 
|  84|0x0000000085400000, 0x0000000085500000, 0x0000000085500000|100%| O|  |TAMS 0x0000000085500000, 0x0000000085400000| Untracked 
|  85|0x0000000085500000, 0x0000000085600000, 0x0000000085600000|100%| O|  |TAMS 0x0000000085600000, 0x0000000085500000| Untracked 
|  86|0x0000000085600000, 0x0000000085700000, 0x0000000085700000|100%| O|  |TAMS 0x0000000085700000, 0x0000000085600000| Untracked 
|  87|0x0000000085700000, 0x0000000085800000, 0x0000000085800000|100%| O|  |TAMS 0x0000000085800000, 0x0000000085700000| Untracked 
|  88|0x0000000085800000, 0x0000000085900000, 0x0000000085900000|100%| O|  |TAMS 0x0000000085900000, 0x0000000085800000| Untracked 
|  89|0x0000000085900000, 0x0000000085a00000, 0x0000000085a00000|100%| O|  |TAMS 0x0000000085a00000, 0x0000000085900000| Untracked 
|  90|0x0000000085a00000, 0x0000000085b00000, 0x0000000085b00000|100%| O|  |TAMS 0x0000000085b00000, 0x0000000085a00000| Untracked 
|  91|0x0000000085b00000, 0x0000000085c00000, 0x0000000085c00000|100%| O|  |TAMS 0x0000000085c00000, 0x0000000085b00000| Untracked 
|  92|0x0000000085c00000, 0x0000000085d00000, 0x0000000085d00000|100%| O|  |TAMS 0x0000000085d00000, 0x0000000085c00000| Untracked 
|  93|0x0000000085d00000, 0x0000000085e00000, 0x0000000085e00000|100%| O|  |TAMS 0x0000000085e00000, 0x0000000085d00000| Untracked 
|  94|0x0000000085e00000, 0x0000000085f00000, 0x0000000085f00000|100%| O|  |TAMS 0x0000000085f00000, 0x0000000085e00000| Untracked 
|  95|0x0000000085f00000, 0x0000000086000000, 0x0000000086000000|100%| O|  |TAMS 0x0000000086000000, 0x0000000085f00000| Untracked 
|  96|0x0000000086000000, 0x0000000086100000, 0x0000000086100000|100%| O|  |TAMS 0x0000000086100000, 0x0000000086000000| Untracked 
|  97|0x0000000086100000, 0x0000000086200000, 0x0000000086200000|100%| O|  |TAMS 0x0000000086200000, 0x0000000086100000| Untracked 
|  98|0x0000000086200000, 0x0000000086300000, 0x0000000086300000|100%| O|  |TAMS 0x0000000086300000, 0x0000000086200000| Untracked 
|  99|0x0000000086300000, 0x0000000086400000, 0x0000000086400000|100%| O|  |TAMS 0x0000000086400000, 0x0000000086300000| Untracked 
| 100|0x0000000086400000, 0x0000000086500000, 0x0000000086500000|100%| O|  |TAMS 0x0000000086500000, 0x0000000086400000| Untracked 
| 101|0x0000000086500000, 0x0000000086600000, 0x0000000086600000|100%| O|  |TAMS 0x0000000086600000, 0x0000000086500000| Untracked 
| 102|0x0000000086600000, 0x0000000086700000, 0x0000000086700000|100%| O|  |TAMS 0x0000000086700000, 0x0000000086600000| Untracked 
| 103|0x0000000086700000, 0x0000000086800000, 0x0000000086800000|100%| O|  |TAMS 0x0000000086800000, 0x0000000086700000| Untracked 
| 104|0x0000000086800000, 0x0000000086900000, 0x0000000086900000|100%| O|  |TAMS 0x0000000086900000, 0x0000000086800000| Untracked 
| 105|0x0000000086900000, 0x0000000086a00000, 0x0000000086a00000|100%| O|  |TAMS 0x0000000086a00000, 0x0000000086900000| Untracked 
| 106|0x0000000086a00000, 0x0000000086b00000, 0x0000000086b00000|100%| O|  |TAMS 0x0000000086b00000, 0x0000000086a00000| Untracked 
| 107|0x0000000086b00000, 0x0000000086c00000, 0x0000000086c00000|100%| O|  |TAMS 0x0000000086c00000, 0x0000000086b00000| Untracked 
| 108|0x0000000086c00000, 0x0000000086d00000, 0x0000000086d00000|100%| O|  |TAMS 0x0000000086d00000, 0x0000000086c00000| Untracked 
| 109|0x0000000086d00000, 0x0000000086e00000, 0x0000000086e00000|100%| O|  |TAMS 0x0000000086e00000, 0x0000000086d00000| Untracked 
| 110|0x0000000086e00000, 0x0000000086f00000, 0x0000000086f00000|100%| O|  |TAMS 0x0000000086f00000, 0x0000000086e00000| Untracked 
| 111|0x0000000086f00000, 0x0000000087000000, 0x0000000087000000|100%| O|  |TAMS 0x0000000087000000, 0x0000000086f00000| Untracked 
| 112|0x0000000087000000, 0x0000000087100000, 0x0000000087100000|100%| O|  |TAMS 0x0000000087100000, 0x0000000087000000| Untracked 
| 113|0x0000000087100000, 0x0000000087200000, 0x0000000087200000|100%| O|  |TAMS 0x0000000087200000, 0x0000000087100000| Untracked 
| 114|0x0000000087200000, 0x0000000087300000, 0x0000000087300000|100%| O|  |TAMS 0x0000000087300000, 0x0000000087200000| Untracked 
| 115|0x0000000087300000, 0x0000000087400000, 0x0000000087400000|100%| O|  |TAMS 0x0000000087400000, 0x0000000087300000| Untracked 
| 116|0x0000000087400000, 0x0000000087500000, 0x0000000087500000|100%| O|  |TAMS 0x0000000087500000, 0x0000000087400000| Untracked 
| 117|0x0000000087500000, 0x0000000087600000, 0x0000000087600000|100%| O|  |TAMS 0x0000000087600000, 0x0000000087500000| Untracked 
| 118|0x0000000087600000, 0x0000000087700000, 0x0000000087700000|100%| O|  |TAMS 0x0000000087700000, 0x0000000087600000| Untracked 
| 119|0x0000000087700000, 0x0000000087800000, 0x0000000087800000|100%| O|  |TAMS 0x0000000087800000, 0x0000000087700000| Untracked 
| 120|0x0000000087800000, 0x0000000087900000, 0x0000000087900000|100%| O|  |TAMS 0x0000000087800000, 0x0000000087800000| Untracked 
| 121|0x0000000087900000, 0x0000000087a00000, 0x0000000087a00000|100%| O|  |TAMS 0x0000000087900000, 0x0000000087900000| Untracked 
| 122|0x0000000087a00000, 0x0000000087b00000, 0x0000000087b00000|100%| O|  |TAMS 0x0000000087a00000, 0x0000000087a00000| Untracked 
| 123|0x0000000087b00000, 0x0000000087c00000, 0x0000000087c00000|100%| O|  |TAMS 0x0000000087b00000, 0x0000000087b00000| Untracked 
| 124|0x0000000087c00000, 0x0000000087d00000, 0x0000000087d00000|100%| O|  |TAMS 0x0000000087c00000, 0x0000000087c00000| Untracked 
| 125|0x0000000087d00000, 0x0000000087e00000, 0x0000000087e00000|100%| O|  |TAMS 0x0000000087d00000, 0x0000000087d00000| Untracked 
| 126|0x0000000087e00000, 0x0000000087f00000, 0x0000000087f00000|100%| O|  |TAMS 0x0000000087e00000, 0x0000000087e00000| Untracked 
| 127|0x0000000087f00000, 0x0000000088000000, 0x0000000088000000|100%| O|  |TAMS 0x0000000087f00000, 0x0000000087f00000| Untracked 
| 128|0x0000000088000000, 0x0000000088100000, 0x0000000088100000|100%| O|  |TAMS 0x0000000088000000, 0x0000000088000000| Untracked 
| 129|0x0000000088100000, 0x0000000088200000, 0x0000000088200000|100%| O|  |TAMS 0x0000000088100000, 0x0000000088100000| Untracked 
| 130|0x0000000088200000, 0x0000000088300000, 0x0000000088300000|100%| O|  |TAMS 0x0000000088200000, 0x0000000088200000| Untracked 
| 131|0x0000000088300000, 0x0000000088400000, 0x0000000088400000|100%| O|  |TAMS 0x0000000088400000, 0x0000000088300000| Untracked 
| 132|0x0000000088400000, 0x0000000088500000, 0x0000000088500000|100%| O|  |TAMS 0x0000000088500000, 0x0000000088400000| Untracked 
| 133|0x0000000088500000, 0x0000000088600000, 0x0000000088600000|100%| O|  |TAMS 0x0000000088500000, 0x0000000088500000| Untracked 
| 134|0x0000000088600000, 0x0000000088700000, 0x0000000088700000|100%| O|  |TAMS 0x0000000088600000, 0x0000000088600000| Untracked 
| 135|0x0000000088700000, 0x0000000088800000, 0x0000000088800000|100%| O|  |TAMS 0x0000000088800000, 0x0000000088700000| Untracked 
| 136|0x0000000088800000, 0x0000000088900000, 0x0000000088900000|100%| O|  |TAMS 0x0000000088900000, 0x0000000088800000| Untracked 
| 137|0x0000000088900000, 0x0000000088a00000, 0x0000000088a00000|100%| O|  |TAMS 0x0000000088a00000, 0x0000000088900000| Untracked 
| 138|0x0000000088a00000, 0x0000000088b00000, 0x0000000088b00000|100%| O|  |TAMS 0x0000000088a00000, 0x0000000088a00000| Untracked 
| 139|0x0000000088b00000, 0x0000000088c00000, 0x0000000088c00000|100%| O|  |TAMS 0x0000000088b00000, 0x0000000088b00000| Untracked 
| 140|0x0000000088c00000, 0x0000000088d00000, 0x0000000088d00000|100%| O|  |TAMS 0x0000000088c00000, 0x0000000088c00000| Untracked 
| 141|0x0000000088d00000, 0x0000000088e00000, 0x0000000088e00000|100%| O|  |TAMS 0x0000000088e00000, 0x0000000088d00000| Untracked 
| 142|0x0000000088e00000, 0x0000000088f00000, 0x0000000088f00000|100%| O|  |TAMS 0x0000000088e00000, 0x0000000088e00000| Untracked 
| 143|0x0000000088f00000, 0x0000000089000000, 0x0000000089000000|100%| O|  |TAMS 0x0000000088f00000, 0x0000000088f00000| Untracked 
| 144|0x0000000089000000, 0x0000000089100000, 0x0000000089100000|100%| O|  |TAMS 0x0000000089000000, 0x0000000089000000| Untracked 
| 145|0x0000000089100000, 0x0000000089200000, 0x0000000089200000|100%| O|  |TAMS 0x0000000089100000, 0x0000000089100000| Untracked 
| 146|0x0000000089200000, 0x0000000089300000, 0x0000000089300000|100%| O|  |TAMS 0x0000000089200000, 0x0000000089200000| Untracked 
| 147|0x0000000089300000, 0x0000000089400000, 0x0000000089400000|100%| O|  |TAMS 0x0000000089400000, 0x0000000089300000| Untracked 
| 148|0x0000000089400000, 0x0000000089500000, 0x0000000089500000|100%| O|  |TAMS 0x0000000089400000, 0x0000000089400000| Untracked 
| 149|0x0000000089500000, 0x0000000089600000, 0x0000000089600000|100%| O|  |TAMS 0x0000000089500000, 0x0000000089500000| Untracked 
| 150|0x0000000089600000, 0x0000000089700000, 0x0000000089700000|100%| O|  |TAMS 0x0000000089600000, 0x0000000089600000| Untracked 
| 151|0x0000000089700000, 0x0000000089800000, 0x0000000089800000|100%| O|  |TAMS 0x0000000089700000, 0x0000000089700000| Untracked 
| 152|0x0000000089800000, 0x0000000089900000, 0x0000000089900000|100%| O|  |TAMS 0x0000000089800000, 0x0000000089800000| Untracked 
| 153|0x0000000089900000, 0x0000000089a00000, 0x0000000089a00000|100%| O|  |TAMS 0x0000000089900000, 0x0000000089900000| Untracked 
| 154|0x0000000089a00000, 0x0000000089b00000, 0x0000000089b00000|100%| O|  |TAMS 0x0000000089a00000, 0x0000000089a00000| Untracked 
| 155|0x0000000089b00000, 0x0000000089c00000, 0x0000000089c00000|100%| O|  |TAMS 0x0000000089c00000, 0x0000000089b00000| Untracked 
| 156|0x0000000089c00000, 0x0000000089d00000, 0x0000000089d00000|100%| O|  |TAMS 0x0000000089d00000, 0x0000000089c00000| Untracked 
| 157|0x0000000089d00000, 0x0000000089e00000, 0x0000000089e00000|100%| O|  |TAMS 0x0000000089d00000, 0x0000000089d00000| Untracked 
| 158|0x0000000089e00000, 0x0000000089f00000, 0x0000000089f00000|100%| O|  |TAMS 0x0000000089f00000, 0x0000000089e00000| Untracked 
| 159|0x0000000089f00000, 0x000000008a000000, 0x000000008a000000|100%| O|  |TAMS 0x0000000089f00000, 0x0000000089f00000| Untracked 
| 160|0x000000008a000000, 0x000000008a100000, 0x000000008a100000|100%| O|  |TAMS 0x000000008a000000, 0x000000008a000000| Untracked 
| 161|0x000000008a100000, 0x000000008a200000, 0x000000008a200000|100%| O|  |TAMS 0x000000008a100000, 0x000000008a100000| Untracked 
| 162|0x000000008a200000, 0x000000008a300000, 0x000000008a300000|100%| O|  |TAMS 0x000000008a200000, 0x000000008a200000| Untracked 
| 163|0x000000008a300000, 0x000000008a400000, 0x000000008a400000|100%| O|  |TAMS 0x000000008a400000, 0x000000008a300000| Untracked 
| 164|0x000000008a400000, 0x000000008a500000, 0x000000008a500000|100%| O|  |TAMS 0x000000008a500000, 0x000000008a400000| Untracked 
| 165|0x000000008a500000, 0x000000008a600000, 0x000000008a600000|100%| O|  |TAMS 0x000000008a600000, 0x000000008a500000| Untracked 
| 166|0x000000008a600000, 0x000000008a700000, 0x000000008a700000|100%| O|  |TAMS 0x000000008a700000, 0x000000008a600000| Untracked 
| 167|0x000000008a700000, 0x000000008a800000, 0x000000008a800000|100%| O|  |TAMS 0x000000008a800000, 0x000000008a700000| Untracked 
| 168|0x000000008a800000, 0x000000008a900000, 0x000000008a900000|100%| O|  |TAMS 0x000000008a900000, 0x000000008a800000| Untracked 
| 169|0x000000008a900000, 0x000000008aa00000, 0x000000008aa00000|100%| O|  |TAMS 0x000000008aa00000, 0x000000008a900000| Untracked 
| 170|0x000000008aa00000, 0x000000008ab00000, 0x000000008ab00000|100%| O|  |TAMS 0x000000008ab00000, 0x000000008aa00000| Untracked 
| 171|0x000000008ab00000, 0x000000008ac00000, 0x000000008ac00000|100%| O|  |TAMS 0x000000008ac00000, 0x000000008ab00000| Untracked 
| 172|0x000000008ac00000, 0x000000008ad00000, 0x000000008ad00000|100%| O|  |TAMS 0x000000008ad00000, 0x000000008ac00000| Untracked 
| 173|0x000000008ad00000, 0x000000008ae00000, 0x000000008ae00000|100%| O|  |TAMS 0x000000008ae00000, 0x000000008ad00000| Untracked 
| 174|0x000000008ae00000, 0x000000008af00000, 0x000000008af00000|100%| O|  |TAMS 0x000000008af00000, 0x000000008ae00000| Untracked 
| 175|0x000000008af00000, 0x000000008b000000, 0x000000008b000000|100%| O|  |TAMS 0x000000008b000000, 0x000000008af00000| Untracked 
| 176|0x000000008b000000, 0x000000008b100000, 0x000000008b100000|100%| O|  |TAMS 0x000000008b100000, 0x000000008b000000| Untracked 
| 177|0x000000008b100000, 0x000000008b200000, 0x000000008b200000|100%| O|  |TAMS 0x000000008b200000, 0x000000008b100000| Untracked 
| 178|0x000000008b200000, 0x000000008b300000, 0x000000008b300000|100%| O|  |TAMS 0x000000008b300000, 0x000000008b200000| Untracked 
| 179|0x000000008b300000, 0x000000008b400000, 0x000000008b400000|100%| O|  |TAMS 0x000000008b400000, 0x000000008b300000| Untracked 
| 180|0x000000008b400000, 0x000000008b500000, 0x000000008b500000|100%| O|  |TAMS 0x000000008b500000, 0x000000008b400000| Untracked 
| 181|0x000000008b500000, 0x000000008b600000, 0x000000008b600000|100%| O|  |TAMS 0x000000008b600000, 0x000000008b500000| Untracked 
| 182|0x000000008b600000, 0x000000008b700000, 0x000000008b700000|100%| O|  |TAMS 0x000000008b700000, 0x000000008b600000| Untracked 
| 183|0x000000008b700000, 0x000000008b800000, 0x000000008b800000|100%| O|  |TAMS 0x000000008b800000, 0x000000008b700000| Untracked 
| 184|0x000000008b800000, 0x000000008b900000, 0x000000008b900000|100%| O|  |TAMS 0x000000008b900000, 0x000000008b800000| Untracked 
| 185|0x000000008b900000, 0x000000008ba00000, 0x000000008ba00000|100%| O|  |TAMS 0x000000008ba00000, 0x000000008b900000| Untracked 
| 186|0x000000008ba00000, 0x000000008bb00000, 0x000000008bb00000|100%| O|  |TAMS 0x000000008bb00000, 0x000000008ba00000| Untracked 
| 187|0x000000008bb00000, 0x000000008bc00000, 0x000000008bc00000|100%| O|  |TAMS 0x000000008bc00000, 0x000000008bb00000| Untracked 
| 188|0x000000008bc00000, 0x000000008bd00000, 0x000000008bd00000|100%| O|  |TAMS 0x000000008bd00000, 0x000000008bc00000| Untracked 
| 189|0x000000008bd00000, 0x000000008be00000, 0x000000008be00000|100%| O|  |TAMS 0x000000008be00000, 0x000000008bd00000| Untracked 
| 190|0x000000008be00000, 0x000000008bf00000, 0x000000008bf00000|100%| O|  |TAMS 0x000000008bf00000, 0x000000008be00000| Untracked 
| 191|0x000000008bf00000, 0x000000008c000000, 0x000000008c000000|100%| O|  |TAMS 0x000000008c000000, 0x000000008bf00000| Untracked 
| 192|0x000000008c000000, 0x000000008c100000, 0x000000008c100000|100%| O|  |TAMS 0x000000008c100000, 0x000000008c000000| Untracked 
| 193|0x000000008c100000, 0x000000008c200000, 0x000000008c200000|100%| O|  |TAMS 0x000000008c200000, 0x000000008c100000| Untracked 
| 194|0x000000008c200000, 0x000000008c300000, 0x000000008c300000|100%| O|  |TAMS 0x000000008c300000, 0x000000008c200000| Untracked 
| 195|0x000000008c300000, 0x000000008c400000, 0x000000008c400000|100%| O|  |TAMS 0x000000008c400000, 0x000000008c300000| Untracked 
| 196|0x000000008c400000, 0x000000008c500000, 0x000000008c500000|100%| O|  |TAMS 0x000000008c500000, 0x000000008c400000| Untracked 
| 197|0x000000008c500000, 0x000000008c600000, 0x000000008c600000|100%| O|  |TAMS 0x000000008c600000, 0x000000008c500000| Untracked 
| 198|0x000000008c600000, 0x000000008c700000, 0x000000008c700000|100%| O|  |TAMS 0x000000008c700000, 0x000000008c600000| Untracked 
| 199|0x000000008c700000, 0x000000008c800000, 0x000000008c800000|100%| O|  |TAMS 0x000000008c800000, 0x000000008c700000| Untracked 
| 200|0x000000008c800000, 0x000000008c900000, 0x000000008c900000|100%| O|  |TAMS 0x000000008c900000, 0x000000008c800000| Untracked 
| 201|0x000000008c900000, 0x000000008ca00000, 0x000000008ca00000|100%| O|  |TAMS 0x000000008ca00000, 0x000000008c900000| Untracked 
| 202|0x000000008ca00000, 0x000000008cb00000, 0x000000008cb00000|100%| O|  |TAMS 0x000000008cb00000, 0x000000008ca00000| Untracked 
| 203|0x000000008cb00000, 0x000000008cc00000, 0x000000008cc00000|100%| O|  |TAMS 0x000000008cc00000, 0x000000008cb00000| Untracked 
| 204|0x000000008cc00000, 0x000000008cd00000, 0x000000008cd00000|100%| O|  |TAMS 0x000000008cd00000, 0x000000008cc00000| Untracked 
| 205|0x000000008cd00000, 0x000000008ce00000, 0x000000008ce00000|100%| O|  |TAMS 0x000000008ce00000, 0x000000008cd00000| Untracked 
| 206|0x000000008ce00000, 0x000000008cf00000, 0x000000008cf00000|100%| O|  |TAMS 0x000000008cf00000, 0x000000008ce00000| Untracked 
| 207|0x000000008cf00000, 0x000000008d000000, 0x000000008d000000|100%| O|  |TAMS 0x000000008d000000, 0x000000008cf00000| Untracked 
| 208|0x000000008d000000, 0x000000008d100000, 0x000000008d100000|100%| O|  |TAMS 0x000000008d100000, 0x000000008d000000| Untracked 
| 209|0x000000008d100000, 0x000000008d200000, 0x000000008d200000|100%| O|  |TAMS 0x000000008d200000, 0x000000008d100000| Untracked 
| 210|0x000000008d200000, 0x000000008d300000, 0x000000008d300000|100%| O|  |TAMS 0x000000008d300000, 0x000000008d200000| Untracked 
| 211|0x000000008d300000, 0x000000008d400000, 0x000000008d400000|100%| O|  |TAMS 0x000000008d400000, 0x000000008d300000| Untracked 
| 212|0x000000008d400000, 0x000000008d500000, 0x000000008d500000|100%| O|  |TAMS 0x000000008d500000, 0x000000008d400000| Untracked 
| 213|0x000000008d500000, 0x000000008d600000, 0x000000008d600000|100%| O|  |TAMS 0x000000008d600000, 0x000000008d500000| Untracked 
| 214|0x000000008d600000, 0x000000008d700000, 0x000000008d700000|100%| O|  |TAMS 0x000000008d700000, 0x000000008d600000| Untracked 
| 215|0x000000008d700000, 0x000000008d800000, 0x000000008d800000|100%| O|  |TAMS 0x000000008d800000, 0x000000008d700000| Untracked 
| 216|0x000000008d800000, 0x000000008d900000, 0x000000008d900000|100%| O|  |TAMS 0x000000008d900000, 0x000000008d800000| Untracked 
| 217|0x000000008d900000, 0x000000008da00000, 0x000000008da00000|100%| O|  |TAMS 0x000000008da00000, 0x000000008d900000| Untracked 
| 218|0x000000008da00000, 0x000000008db00000, 0x000000008db00000|100%| O|  |TAMS 0x000000008db00000, 0x000000008da00000| Untracked 
| 219|0x000000008db00000, 0x000000008dc00000, 0x000000008dc00000|100%| O|  |TAMS 0x000000008dc00000, 0x000000008db00000| Untracked 
| 220|0x000000008dc00000, 0x000000008dd00000, 0x000000008dd00000|100%| O|  |TAMS 0x000000008dd00000, 0x000000008dc00000| Untracked 
| 221|0x000000008dd00000, 0x000000008de00000, 0x000000008de00000|100%| O|  |TAMS 0x000000008de00000, 0x000000008dd00000| Untracked 
| 222|0x000000008de00000, 0x000000008df00000, 0x000000008df00000|100%| O|  |TAMS 0x000000008df00000, 0x000000008de00000| Untracked 
| 223|0x000000008df00000, 0x000000008e000000, 0x000000008e000000|100%| O|  |TAMS 0x000000008e000000, 0x000000008df00000| Untracked 
| 224|0x000000008e000000, 0x000000008e100000, 0x000000008e100000|100%| O|  |TAMS 0x000000008e100000, 0x000000008e000000| Untracked 
| 225|0x000000008e100000, 0x000000008e200000, 0x000000008e200000|100%| O|  |TAMS 0x000000008e200000, 0x000000008e100000| Untracked 
| 226|0x000000008e200000, 0x000000008e300000, 0x000000008e300000|100%| O|  |TAMS 0x000000008e300000, 0x000000008e200000| Untracked 
| 227|0x000000008e300000, 0x000000008e400000, 0x000000008e400000|100%| O|  |TAMS 0x000000008e400000, 0x000000008e300000| Untracked 
| 228|0x000000008e400000, 0x000000008e500000, 0x000000008e500000|100%| O|  |TAMS 0x000000008e500000, 0x000000008e400000| Untracked 
| 229|0x000000008e500000, 0x000000008e600000, 0x000000008e600000|100%| O|  |TAMS 0x000000008e600000, 0x000000008e500000| Untracked 
| 230|0x000000008e600000, 0x000000008e700000, 0x000000008e700000|100%| O|  |TAMS 0x000000008e700000, 0x000000008e600000| Untracked 
| 231|0x000000008e700000, 0x000000008e800000, 0x000000008e800000|100%| O|  |TAMS 0x000000008e800000, 0x000000008e700000| Untracked 
| 232|0x000000008e800000, 0x000000008e900000, 0x000000008e900000|100%| O|  |TAMS 0x000000008e900000, 0x000000008e800000| Untracked 
| 233|0x000000008e900000, 0x000000008ea00000, 0x000000008ea00000|100%| O|  |TAMS 0x000000008ea00000, 0x000000008e900000| Untracked 
| 234|0x000000008ea00000, 0x000000008eb00000, 0x000000008eb00000|100%| O|  |TAMS 0x000000008eb00000, 0x000000008ea00000| Untracked 
| 235|0x000000008eb00000, 0x000000008ec00000, 0x000000008ec00000|100%| O|  |TAMS 0x000000008ec00000, 0x000000008eb00000| Untracked 
| 236|0x000000008ec00000, 0x000000008ed00000, 0x000000008ed00000|100%| O|  |TAMS 0x000000008ed00000, 0x000000008ec00000| Untracked 
| 237|0x000000008ed00000, 0x000000008ee00000, 0x000000008ee00000|100%| O|  |TAMS 0x000000008ee00000, 0x000000008ed00000| Untracked 
| 238|0x000000008ee00000, 0x000000008ef00000, 0x000000008ef00000|100%| O|  |TAMS 0x000000008ef00000, 0x000000008ee00000| Untracked 
| 239|0x000000008ef00000, 0x000000008f000000, 0x000000008f000000|100%| O|  |TAMS 0x000000008f000000, 0x000000008ef00000| Untracked 
| 240|0x000000008f000000, 0x000000008f100000, 0x000000008f100000|100%| O|  |TAMS 0x000000008f100000, 0x000000008f000000| Untracked 
| 241|0x000000008f100000, 0x000000008f200000, 0x000000008f200000|100%| O|  |TAMS 0x000000008f200000, 0x000000008f100000| Untracked 
| 242|0x000000008f200000, 0x000000008f300000, 0x000000008f300000|100%| O|  |TAMS 0x000000008f300000, 0x000000008f200000| Untracked 
| 243|0x000000008f300000, 0x000000008f400000, 0x000000008f400000|100%| O|  |TAMS 0x000000008f400000, 0x000000008f300000| Untracked 
| 244|0x000000008f400000, 0x000000008f500000, 0x000000008f500000|100%| O|  |TAMS 0x000000008f500000, 0x000000008f400000| Untracked 
| 245|0x000000008f500000, 0x000000008f600000, 0x000000008f600000|100%| O|  |TAMS 0x000000008f600000, 0x000000008f500000| Untracked 
| 246|0x000000008f600000, 0x000000008f700000, 0x000000008f700000|100%| O|  |TAMS 0x000000008f700000, 0x000000008f600000| Untracked 
| 247|0x000000008f700000, 0x000000008f800000, 0x000000008f800000|100%| O|  |TAMS 0x000000008f800000, 0x000000008f700000| Untracked 
| 248|0x000000008f800000, 0x000000008f900000, 0x000000008f900000|100%| O|  |TAMS 0x000000008f900000, 0x000000008f800000| Untracked 
| 249|0x000000008f900000, 0x000000008fa00000, 0x000000008fa00000|100%| O|  |TAMS 0x000000008fa00000, 0x000000008f900000| Untracked 
| 250|0x000000008fa00000, 0x000000008fb00000, 0x000000008fb00000|100%| O|  |TAMS 0x000000008fb00000, 0x000000008fa00000| Untracked 
| 251|0x000000008fb00000, 0x000000008fc00000, 0x000000008fc00000|100%| O|  |TAMS 0x000000008fc00000, 0x000000008fb00000| Untracked 
| 252|0x000000008fc00000, 0x000000008fd00000, 0x000000008fd00000|100%| O|  |TAMS 0x000000008fc21200, 0x000000008fc00000| Untracked 
| 253|0x000000008fd00000, 0x000000008fe00000, 0x000000008fe00000|100%| O|  |TAMS 0x000000008fd00000, 0x000000008fd00000| Untracked 
| 254|0x000000008fe00000, 0x000000008ff00000, 0x000000008ff00000|100%| O|  |TAMS 0x000000008fe00000, 0x000000008fe00000| Untracked 
| 255|0x000000008ff00000, 0x0000000090000000, 0x0000000090000000|100%| O|  |TAMS 0x000000008ff00000, 0x000000008ff00000| Untracked 
| 256|0x0000000090000000, 0x0000000090100000, 0x0000000090100000|100%| O|  |TAMS 0x0000000090000000, 0x0000000090000000| Untracked 
| 257|0x0000000090100000, 0x0000000090200000, 0x0000000090200000|100%| O|  |TAMS 0x0000000090100000, 0x0000000090100000| Untracked 
| 258|0x0000000090200000, 0x0000000090300000, 0x0000000090300000|100%| O|  |TAMS 0x0000000090200000, 0x0000000090200000| Untracked 
| 259|0x0000000090300000, 0x0000000090400000, 0x0000000090400000|100%| O|  |TAMS 0x0000000090300000, 0x0000000090300000| Untracked 
| 260|0x0000000090400000, 0x0000000090500000, 0x0000000090500000|100%| O|  |TAMS 0x0000000090400000, 0x0000000090400000| Untracked 
| 261|0x0000000090500000, 0x0000000090600000, 0x0000000090600000|100%| O|  |TAMS 0x0000000090500000, 0x0000000090500000| Untracked 
| 262|0x0000000090600000, 0x0000000090700000, 0x0000000090700000|100%| O|  |TAMS 0x0000000090600000, 0x0000000090600000| Untracked 
| 263|0x0000000090700000, 0x0000000090800000, 0x0000000090800000|100%| O|  |TAMS 0x0000000090700000, 0x0000000090700000| Untracked 
| 264|0x0000000090800000, 0x0000000090900000, 0x0000000090900000|100%| O|  |TAMS 0x0000000090800000, 0x0000000090800000| Untracked 
| 265|0x0000000090900000, 0x0000000090a00000, 0x0000000090a00000|100%| O|  |TAMS 0x0000000090900000, 0x0000000090900000| Untracked 
| 266|0x0000000090a00000, 0x0000000090b00000, 0x0000000090b00000|100%| O|  |TAMS 0x0000000090a00000, 0x0000000090a00000| Untracked 
| 267|0x0000000090b00000, 0x0000000090c00000, 0x0000000090c00000|100%| O|  |TAMS 0x0000000090b00000, 0x0000000090b00000| Untracked 
| 268|0x0000000090c00000, 0x0000000090d00000, 0x0000000090d00000|100%| O|  |TAMS 0x0000000090c00000, 0x0000000090c00000| Untracked 
| 269|0x0000000090d00000, 0x0000000090e00000, 0x0000000090e00000|100%| O|  |TAMS 0x0000000090d00000, 0x0000000090d00000| Untracked 
| 270|0x0000000090e00000, 0x0000000090f00000, 0x0000000090f00000|100%| O|  |TAMS 0x0000000090e00000, 0x0000000090e00000| Untracked 
| 271|0x0000000090f00000, 0x0000000091000000, 0x0000000091000000|100%| O|  |TAMS 0x0000000090f00000, 0x0000000090f00000| Untracked 
| 272|0x0000000091000000, 0x0000000091100000, 0x0000000091100000|100%| O|  |TAMS 0x0000000091000000, 0x0000000091000000| Untracked 
| 273|0x0000000091100000, 0x0000000091200000, 0x0000000091200000|100%| O|  |TAMS 0x0000000091100000, 0x0000000091100000| Untracked 
| 274|0x0000000091200000, 0x0000000091300000, 0x0000000091300000|100%| O|  |TAMS 0x0000000091200000, 0x0000000091200000| Untracked 
| 275|0x0000000091300000, 0x0000000091400000, 0x0000000091400000|100%| O|  |TAMS 0x0000000091300000, 0x0000000091300000| Untracked 
| 276|0x0000000091400000, 0x0000000091500000, 0x0000000091500000|100%| O|  |TAMS 0x0000000091400000, 0x0000000091400000| Untracked 
| 277|0x0000000091500000, 0x0000000091600000, 0x0000000091600000|100%| O|  |TAMS 0x0000000091500000, 0x0000000091500000| Untracked 
| 278|0x0000000091600000, 0x0000000091700000, 0x0000000091700000|100%| O|  |TAMS 0x0000000091600000, 0x0000000091600000| Untracked 
| 279|0x0000000091700000, 0x0000000091800000, 0x0000000091800000|100%| O|  |TAMS 0x0000000091700000, 0x0000000091700000| Untracked 
| 280|0x0000000091800000, 0x0000000091900000, 0x0000000091900000|100%| O|  |TAMS 0x0000000091800000, 0x0000000091800000| Untracked 
| 281|0x0000000091900000, 0x0000000091a00000, 0x0000000091a00000|100%| O|  |TAMS 0x0000000091900000, 0x0000000091900000| Untracked 
| 282|0x0000000091a00000, 0x0000000091b00000, 0x0000000091b00000|100%| O|  |TAMS 0x0000000091a00000, 0x0000000091a00000| Untracked 
| 283|0x0000000091b00000, 0x0000000091c00000, 0x0000000091c00000|100%| O|  |TAMS 0x0000000091b00000, 0x0000000091b00000| Untracked 
| 284|0x0000000091c00000, 0x0000000091d00000, 0x0000000091d00000|100%| O|  |TAMS 0x0000000091c00000, 0x0000000091c00000| Untracked 
| 285|0x0000000091d00000, 0x0000000091e00000, 0x0000000091e00000|100%| O|  |TAMS 0x0000000091d00000, 0x0000000091d00000| Untracked 
| 286|0x0000000091e00000, 0x0000000091f00000, 0x0000000091f00000|100%| O|  |TAMS 0x0000000091e00000, 0x0000000091e00000| Untracked 
| 287|0x0000000091f00000, 0x0000000092000000, 0x0000000092000000|100%| O|  |TAMS 0x0000000091f00000, 0x0000000091f00000| Untracked 
| 288|0x0000000092000000, 0x0000000092100000, 0x0000000092100000|100%| O|  |TAMS 0x0000000092000000, 0x0000000092000000| Untracked 
| 289|0x0000000092100000, 0x0000000092200000, 0x0000000092200000|100%| O|  |TAMS 0x0000000092100000, 0x0000000092100000| Untracked 
| 290|0x0000000092200000, 0x0000000092300000, 0x0000000092300000|100%| O|  |TAMS 0x0000000092200000, 0x0000000092200000| Untracked 
| 291|0x0000000092300000, 0x0000000092400000, 0x0000000092400000|100%| O|  |TAMS 0x0000000092300000, 0x0000000092300000| Untracked 
| 292|0x0000000092400000, 0x0000000092500000, 0x0000000092500000|100%| O|  |TAMS 0x0000000092400000, 0x0000000092400000| Untracked 
| 293|0x0000000092500000, 0x0000000092600000, 0x0000000092600000|100%| O|  |TAMS 0x0000000092500000, 0x0000000092500000| Untracked 
| 294|0x0000000092600000, 0x0000000092700000, 0x0000000092700000|100%| O|  |TAMS 0x0000000092600000, 0x0000000092600000| Untracked 
| 295|0x0000000092700000, 0x0000000092800000, 0x0000000092800000|100%| O|  |TAMS 0x0000000092700000, 0x0000000092700000| Untracked 
| 296|0x0000000092800000, 0x0000000092900000, 0x0000000092900000|100%| O|  |TAMS 0x0000000092800000, 0x0000000092800000| Untracked 
| 297|0x0000000092900000, 0x0000000092a00000, 0x0000000092a00000|100%| O|  |TAMS 0x0000000092900000, 0x0000000092900000| Untracked 
| 298|0x0000000092a00000, 0x0000000092b00000, 0x0000000092b00000|100%| O|  |TAMS 0x0000000092a00000, 0x0000000092a00000| Untracked 
| 299|0x0000000092b00000, 0x0000000092c00000, 0x0000000092c00000|100%| O|  |TAMS 0x0000000092b00000, 0x0000000092b00000| Untracked 
| 300|0x0000000092c00000, 0x0000000092d00000, 0x0000000092d00000|100%| O|  |TAMS 0x0000000092c00000, 0x0000000092c00000| Untracked 
| 301|0x0000000092d00000, 0x0000000092e00000, 0x0000000092e00000|100%| O|  |TAMS 0x0000000092d00000, 0x0000000092d00000| Untracked 
| 302|0x0000000092e00000, 0x0000000092f00000, 0x0000000092f00000|100%| O|  |TAMS 0x0000000092e00000, 0x0000000092e00000| Untracked 
| 303|0x0000000092f00000, 0x0000000093000000, 0x0000000093000000|100%| O|  |TAMS 0x0000000092f00000, 0x0000000092f00000| Untracked 
| 304|0x0000000093000000, 0x0000000093100000, 0x0000000093100000|100%| O|  |TAMS 0x0000000093000000, 0x0000000093000000| Untracked 
| 305|0x0000000093100000, 0x0000000093200000, 0x0000000093200000|100%| O|  |TAMS 0x0000000093100000, 0x0000000093100000| Untracked 
| 306|0x0000000093200000, 0x0000000093300000, 0x0000000093300000|100%| O|  |TAMS 0x0000000093200000, 0x0000000093200000| Untracked 
| 307|0x0000000093300000, 0x0000000093400000, 0x0000000093400000|100%| O|  |TAMS 0x0000000093300000, 0x0000000093300000| Untracked 
| 308|0x0000000093400000, 0x0000000093500000, 0x0000000093500000|100%| O|  |TAMS 0x0000000093400000, 0x0000000093400000| Untracked 
| 309|0x0000000093500000, 0x0000000093600000, 0x0000000093600000|100%| O|  |TAMS 0x0000000093500000, 0x0000000093500000| Untracked 
| 310|0x0000000093600000, 0x0000000093700000, 0x0000000093700000|100%| O|  |TAMS 0x0000000093600000, 0x0000000093600000| Untracked 
| 311|0x0000000093700000, 0x0000000093800000, 0x0000000093800000|100%| O|  |TAMS 0x0000000093700000, 0x0000000093700000| Untracked 
| 312|0x0000000093800000, 0x0000000093900000, 0x0000000093900000|100%| O|  |TAMS 0x0000000093800000, 0x0000000093800000| Untracked 
| 313|0x0000000093900000, 0x0000000093a00000, 0x0000000093a00000|100%| O|  |TAMS 0x0000000093900000, 0x0000000093900000| Untracked 
| 314|0x0000000093a00000, 0x0000000093b00000, 0x0000000093b00000|100%| O|  |TAMS 0x0000000093a00000, 0x0000000093a00000| Untracked 
| 315|0x0000000093b00000, 0x0000000093c00000, 0x0000000093c00000|100%| O|  |TAMS 0x0000000093b00000, 0x0000000093b00000| Untracked 
| 316|0x0000000093c00000, 0x0000000093d00000, 0x0000000093d00000|100%|HS|  |TAMS 0x0000000093c00000, 0x0000000093c00000| Complete 
| 317|0x0000000093d00000, 0x0000000093e00000, 0x0000000093e00000|100%| O|  |TAMS 0x0000000093d00000, 0x0000000093d00000| Untracked 
| 318|0x0000000093e00000, 0x0000000093f00000, 0x0000000093f00000|100%| O|  |TAMS 0x0000000093e00000, 0x0000000093e00000| Untracked 
| 319|0x0000000093f00000, 0x0000000094000000, 0x0000000094000000|100%| O|  |TAMS 0x0000000093f00000, 0x0000000093f00000| Untracked 
| 320|0x0000000094000000, 0x0000000094100000, 0x0000000094100000|100%| O|  |TAMS 0x0000000094000000, 0x0000000094000000| Untracked 
| 321|0x0000000094100000, 0x0000000094200000, 0x0000000094200000|100%| O|  |TAMS 0x0000000094100000, 0x0000000094100000| Untracked 
| 322|0x0000000094200000, 0x0000000094300000, 0x0000000094300000|100%| O|  |TAMS 0x0000000094200000, 0x0000000094200000| Untracked 
| 323|0x0000000094300000, 0x0000000094400000, 0x0000000094400000|100%| O|  |TAMS 0x0000000094300000, 0x0000000094300000| Untracked 
| 324|0x0000000094400000, 0x0000000094500000, 0x0000000094500000|100%| O|  |TAMS 0x0000000094400000, 0x0000000094400000| Untracked 
| 325|0x0000000094500000, 0x0000000094600000, 0x0000000094600000|100%| O|  |TAMS 0x0000000094500000, 0x0000000094500000| Untracked 
| 326|0x0000000094600000, 0x0000000094700000, 0x0000000094700000|100%| O|  |TAMS 0x0000000094600000, 0x0000000094600000| Untracked 
| 327|0x0000000094700000, 0x0000000094800000, 0x0000000094800000|100%| O|  |TAMS 0x0000000094700000, 0x0000000094700000| Untracked 
| 328|0x0000000094800000, 0x0000000094900000, 0x0000000094900000|100%| O|  |TAMS 0x0000000094800000, 0x0000000094800000| Untracked 
| 329|0x0000000094900000, 0x0000000094a00000, 0x0000000094a00000|100%| O|  |TAMS 0x0000000094900000, 0x0000000094900000| Untracked 
| 330|0x0000000094a00000, 0x0000000094b00000, 0x0000000094b00000|100%| O|  |TAMS 0x0000000094a00000, 0x0000000094a00000| Untracked 
| 331|0x0000000094b00000, 0x0000000094c00000, 0x0000000094c00000|100%| O|  |TAMS 0x0000000094b00000, 0x0000000094b00000| Untracked 
| 332|0x0000000094c00000, 0x0000000094d00000, 0x0000000094d00000|100%| O|  |TAMS 0x0000000094c00000, 0x0000000094c00000| Untracked 
| 333|0x0000000094d00000, 0x0000000094e00000, 0x0000000094e00000|100%| O|  |TAMS 0x0000000094d00000, 0x0000000094d00000| Untracked 
| 334|0x0000000094e00000, 0x0000000094f00000, 0x0000000094f00000|100%| O|  |TAMS 0x0000000094e00000, 0x0000000094e00000| Untracked 
| 335|0x0000000094f00000, 0x0000000095000000, 0x0000000095000000|100%| O|  |TAMS 0x0000000094f00000, 0x0000000094f00000| Untracked 
| 336|0x0000000095000000, 0x0000000095100000, 0x0000000095100000|100%| O|  |TAMS 0x0000000095000000, 0x0000000095000000| Untracked 
| 337|0x0000000095100000, 0x0000000095200000, 0x0000000095200000|100%| O|  |TAMS 0x0000000095100000, 0x0000000095100000| Untracked 
| 338|0x0000000095200000, 0x0000000095300000, 0x0000000095300000|100%| O|  |TAMS 0x0000000095200000, 0x0000000095200000| Untracked 
| 339|0x0000000095300000, 0x0000000095400000, 0x0000000095400000|100%| O|  |TAMS 0x0000000095300000, 0x0000000095300000| Untracked 
| 340|0x0000000095400000, 0x0000000095500000, 0x0000000095500000|100%| O|  |TAMS 0x0000000095400000, 0x0000000095400000| Untracked 
| 341|0x0000000095500000, 0x0000000095600000, 0x0000000095600000|100%| O|  |TAMS 0x0000000095500000, 0x0000000095500000| Untracked 
| 342|0x0000000095600000, 0x0000000095700000, 0x0000000095700000|100%| O|  |TAMS 0x0000000095600000, 0x0000000095600000| Untracked 
| 343|0x0000000095700000, 0x0000000095800000, 0x0000000095800000|100%| O|  |TAMS 0x0000000095700000, 0x0000000095700000| Untracked 
| 344|0x0000000095800000, 0x0000000095900000, 0x0000000095900000|100%| O|  |TAMS 0x0000000095800000, 0x0000000095800000| Untracked 
| 345|0x0000000095900000, 0x0000000095a00000, 0x0000000095a00000|100%| O|  |TAMS 0x0000000095900000, 0x0000000095900000| Untracked 
| 346|0x0000000095a00000, 0x0000000095b00000, 0x0000000095b00000|100%| O|  |TAMS 0x0000000095a00000, 0x0000000095a00000| Untracked 
| 347|0x0000000095b00000, 0x0000000095c00000, 0x0000000095c00000|100%| O|  |TAMS 0x0000000095b00000, 0x0000000095b00000| Untracked 
| 348|0x0000000095c00000, 0x0000000095d00000, 0x0000000095d00000|100%| O|  |TAMS 0x0000000095c00000, 0x0000000095c00000| Untracked 
| 349|0x0000000095d00000, 0x0000000095e00000, 0x0000000095e00000|100%| O|  |TAMS 0x0000000095d00000, 0x0000000095d00000| Untracked 
| 350|0x0000000095e00000, 0x0000000095f00000, 0x0000000095f00000|100%| O|  |TAMS 0x0000000095e00000, 0x0000000095e00000| Untracked 
| 351|0x0000000095f00000, 0x0000000096000000, 0x0000000096000000|100%| O|  |TAMS 0x0000000095f00000, 0x0000000095f00000| Untracked 
| 352|0x0000000096000000, 0x0000000096100000, 0x0000000096100000|100%| O|  |TAMS 0x0000000096000000, 0x0000000096000000| Untracked 
| 353|0x0000000096100000, 0x0000000096200000, 0x0000000096200000|100%| O|  |TAMS 0x0000000096100000, 0x0000000096100000| Untracked 
| 354|0x0000000096200000, 0x0000000096300000, 0x0000000096300000|100%| O|  |TAMS 0x0000000096200000, 0x0000000096200000| Untracked 
| 355|0x0000000096300000, 0x0000000096400000, 0x0000000096400000|100%| O|  |TAMS 0x0000000096300000, 0x0000000096300000| Untracked 
| 356|0x0000000096400000, 0x0000000096500000, 0x0000000096500000|100%| O|  |TAMS 0x0000000096400000, 0x0000000096400000| Untracked 
| 357|0x0000000096500000, 0x0000000096600000, 0x0000000096600000|100%| O|  |TAMS 0x0000000096500000, 0x0000000096500000| Untracked 
| 358|0x0000000096600000, 0x0000000096700000, 0x0000000096700000|100%| O|  |TAMS 0x0000000096600000, 0x0000000096600000| Untracked 
| 359|0x0000000096700000, 0x0000000096800000, 0x0000000096800000|100%| O|  |TAMS 0x0000000096700000, 0x0000000096700000| Untracked 
| 360|0x0000000096800000, 0x0000000096900000, 0x0000000096900000|100%| O|  |TAMS 0x0000000096800000, 0x0000000096800000| Untracked 
| 361|0x0000000096900000, 0x0000000096a00000, 0x0000000096a00000|100%| O|  |TAMS 0x0000000096900000, 0x0000000096900000| Untracked 
| 362|0x0000000096a00000, 0x0000000096b00000, 0x0000000096b00000|100%| O|  |TAMS 0x0000000096a00000, 0x0000000096a00000| Untracked 
| 363|0x0000000096b00000, 0x0000000096c00000, 0x0000000096c00000|100%| O|  |TAMS 0x0000000096b00000, 0x0000000096b00000| Untracked 
| 364|0x0000000096c00000, 0x0000000096d00000, 0x0000000096d00000|100%| O|  |TAMS 0x0000000096c00000, 0x0000000096c00000| Untracked 
| 365|0x0000000096d00000, 0x0000000096e00000, 0x0000000096e00000|100%| O|  |TAMS 0x0000000096d00000, 0x0000000096d00000| Untracked 
| 366|0x0000000096e00000, 0x0000000096f00000, 0x0000000096f00000|100%| O|  |TAMS 0x0000000096e00000, 0x0000000096e00000| Untracked 
| 367|0x0000000096f00000, 0x0000000097000000, 0x0000000097000000|100%| O|  |TAMS 0x0000000096f00000, 0x0000000096f00000| Untracked 
| 368|0x0000000097000000, 0x0000000097100000, 0x0000000097100000|100%| O|  |TAMS 0x0000000097000000, 0x0000000097000000| Untracked 
| 369|0x0000000097100000, 0x0000000097200000, 0x0000000097200000|100%| O|  |TAMS 0x0000000097100000, 0x0000000097100000| Untracked 
| 370|0x0000000097200000, 0x0000000097300000, 0x0000000097300000|100%| O|  |TAMS 0x0000000097200000, 0x0000000097200000| Untracked 
| 371|0x0000000097300000, 0x0000000097400000, 0x0000000097400000|100%| O|  |TAMS 0x0000000097300000, 0x0000000097300000| Untracked 
| 372|0x0000000097400000, 0x0000000097500000, 0x0000000097500000|100%| O|  |TAMS 0x0000000097400000, 0x0000000097400000| Untracked 
| 373|0x0000000097500000, 0x0000000097600000, 0x0000000097600000|100%| O|  |TAMS 0x0000000097500000, 0x0000000097500000| Untracked 
| 374|0x0000000097600000, 0x0000000097700000, 0x0000000097700000|100%| O|  |TAMS 0x0000000097600000, 0x0000000097600000| Untracked 
| 375|0x0000000097700000, 0x0000000097800000, 0x0000000097800000|100%| O|  |TAMS 0x0000000097700000, 0x0000000097700000| Untracked 
| 376|0x0000000097800000, 0x0000000097900000, 0x0000000097900000|100%| O|  |TAMS 0x0000000097800000, 0x0000000097800000| Untracked 
| 377|0x0000000097900000, 0x0000000097a00000, 0x0000000097a00000|100%|HS|  |TAMS 0x0000000097900000, 0x0000000097900000| Complete 
| 378|0x0000000097a00000, 0x0000000097b00000, 0x0000000097b00000|100%| O|  |TAMS 0x0000000097a00000, 0x0000000097a00000| Untracked 
| 379|0x0000000097b00000, 0x0000000097c00000, 0x0000000097c00000|100%| O|  |TAMS 0x0000000097b00000, 0x0000000097b00000| Untracked 
| 380|0x0000000097c00000, 0x0000000097d00000, 0x0000000097d00000|100%| O|  |TAMS 0x0000000097c00000, 0x0000000097c00000| Untracked 
| 381|0x0000000097d00000, 0x0000000097e00000, 0x0000000097e00000|100%| O|  |TAMS 0x0000000097d00000, 0x0000000097d00000| Untracked 
| 382|0x0000000097e00000, 0x0000000097f00000, 0x0000000097f00000|100%| O|  |TAMS 0x0000000097e00000, 0x0000000097e00000| Untracked 
| 383|0x0000000097f00000, 0x0000000098000000, 0x0000000098000000|100%| O|  |TAMS 0x0000000097f00000, 0x0000000097f00000| Untracked 
| 384|0x0000000098000000, 0x0000000098100000, 0x0000000098100000|100%| O|  |TAMS 0x0000000098000000, 0x0000000098000000| Untracked 
| 385|0x0000000098100000, 0x0000000098200000, 0x0000000098200000|100%| O|  |TAMS 0x0000000098100000, 0x0000000098100000| Untracked 
| 386|0x0000000098200000, 0x0000000098300000, 0x0000000098300000|100%| O|  |TAMS 0x0000000098200000, 0x0000000098200000| Untracked 
| 387|0x0000000098300000, 0x0000000098400000, 0x0000000098400000|100%|HS|  |TAMS 0x0000000098300000, 0x0000000098300000| Complete 
| 388|0x0000000098400000, 0x0000000098500000, 0x0000000098500000|100%|HS|  |TAMS 0x0000000098400000, 0x0000000098400000| Complete 
| 389|0x0000000098500000, 0x0000000098600000, 0x0000000098600000|100%|HS|  |TAMS 0x0000000098500000, 0x0000000098500000| Complete 
| 390|0x0000000098600000, 0x0000000098700000, 0x0000000098700000|100%|HC|  |TAMS 0x0000000098600000, 0x0000000098600000| Complete 
| 391|0x0000000098700000, 0x0000000098800000, 0x0000000098800000|100%|HS|  |TAMS 0x0000000098700000, 0x0000000098700000| Complete 
| 392|0x0000000098800000, 0x0000000098900000, 0x0000000098900000|100%|HS|  |TAMS 0x0000000098800000, 0x0000000098800000| Complete 
| 393|0x0000000098900000, 0x0000000098a00000, 0x0000000098a00000|100%|HC|  |TAMS 0x0000000098900000, 0x0000000098900000| Complete 
| 394|0x0000000098a00000, 0x0000000098b00000, 0x0000000098b00000|100%|HS|  |TAMS 0x0000000098a00000, 0x0000000098a00000| Complete 
| 395|0x0000000098b00000, 0x0000000098c00000, 0x0000000098c00000|100%|HS|  |TAMS 0x0000000098b00000, 0x0000000098b00000| Complete 
| 396|0x0000000098c00000, 0x0000000098d00000, 0x0000000098d00000|100%|HC|  |TAMS 0x0000000098c00000, 0x0000000098c00000| Complete 
| 397|0x0000000098d00000, 0x0000000098e00000, 0x0000000098e00000|100%|HS|  |TAMS 0x0000000098d00000, 0x0000000098d00000| Complete 
| 398|0x0000000098e00000, 0x0000000098f00000, 0x0000000098f00000|100%|HS|  |TAMS 0x0000000098e00000, 0x0000000098e00000| Complete 
| 399|0x0000000098f00000, 0x0000000099000000, 0x0000000099000000|100%|HC|  |TAMS 0x0000000098f00000, 0x0000000098f00000| Complete 
| 400|0x0000000099000000, 0x0000000099100000, 0x0000000099100000|100%|HS|  |TAMS 0x0000000099000000, 0x0000000099000000| Complete 
| 401|0x0000000099100000, 0x0000000099200000, 0x0000000099200000|100%|HS|  |TAMS 0x0000000099100000, 0x0000000099100000| Complete 
| 402|0x0000000099200000, 0x0000000099300000, 0x0000000099300000|100%|HC|  |TAMS 0x0000000099200000, 0x0000000099200000| Complete 
| 403|0x0000000099300000, 0x0000000099400000, 0x0000000099400000|100%|HS|  |TAMS 0x0000000099300000, 0x0000000099300000| Complete 
| 404|0x0000000099400000, 0x0000000099500000, 0x0000000099500000|100%|HC|  |TAMS 0x0000000099400000, 0x0000000099400000| Complete 
| 405|0x0000000099500000, 0x0000000099600000, 0x0000000099600000|100%|HC|  |TAMS 0x0000000099500000, 0x0000000099500000| Complete 
| 406|0x0000000099600000, 0x0000000099700000, 0x0000000099700000|100%|HS|  |TAMS 0x0000000099600000, 0x0000000099600000| Complete 
| 407|0x0000000099700000, 0x0000000099800000, 0x0000000099800000|100%| O|  |TAMS 0x0000000099700000, 0x0000000099700000| Untracked 
| 408|0x0000000099800000, 0x0000000099900000, 0x0000000099900000|100%| O|  |TAMS 0x0000000099800000, 0x0000000099800000| Untracked 
| 409|0x0000000099900000, 0x0000000099a00000, 0x0000000099a00000|100%|HS|  |TAMS 0x0000000099900000, 0x0000000099900000| Complete 
| 410|0x0000000099a00000, 0x0000000099b00000, 0x0000000099b00000|100%| O|  |TAMS 0x0000000099a00000, 0x0000000099a00000| Untracked 
| 411|0x0000000099b00000, 0x0000000099c00000, 0x0000000099c00000|100%| O|  |TAMS 0x0000000099b00000, 0x0000000099b00000| Untracked 
| 412|0x0000000099c00000, 0x0000000099d00000, 0x0000000099d00000|100%| O|  |TAMS 0x0000000099c00000, 0x0000000099c00000| Untracked 
| 413|0x0000000099d00000, 0x0000000099e00000, 0x0000000099e00000|100%|HS|  |TAMS 0x0000000099d00000, 0x0000000099d00000| Complete 
| 414|0x0000000099e00000, 0x0000000099f00000, 0x0000000099f00000|100%| O|  |TAMS 0x0000000099e00000, 0x0000000099e00000| Untracked 
| 415|0x0000000099f00000, 0x000000009a000000, 0x000000009a000000|100%| O|  |TAMS 0x0000000099f00000, 0x0000000099f00000| Untracked 
| 416|0x000000009a000000, 0x000000009a100000, 0x000000009a100000|100%| O|  |TAMS 0x000000009a000000, 0x000000009a000000| Untracked 
| 417|0x000000009a100000, 0x000000009a200000, 0x000000009a200000|100%| O|  |TAMS 0x000000009a100000, 0x000000009a100000| Untracked 
| 418|0x000000009a200000, 0x000000009a300000, 0x000000009a300000|100%| O|  |TAMS 0x000000009a200000, 0x000000009a200000| Untracked 
| 419|0x000000009a300000, 0x000000009a400000, 0x000000009a400000|100%| O|  |TAMS 0x000000009a300000, 0x000000009a300000| Untracked 
| 420|0x000000009a400000, 0x000000009a500000, 0x000000009a500000|100%| O|  |TAMS 0x000000009a400000, 0x000000009a400000| Untracked 
| 421|0x000000009a500000, 0x000000009a600000, 0x000000009a600000|100%| O|  |TAMS 0x000000009a500000, 0x000000009a500000| Untracked 
| 422|0x000000009a600000, 0x000000009a700000, 0x000000009a700000|100%| O|  |TAMS 0x000000009a600000, 0x000000009a600000| Untracked 
| 423|0x000000009a700000, 0x000000009a800000, 0x000000009a800000|100%| O|  |TAMS 0x000000009a700000, 0x000000009a700000| Untracked 
| 424|0x000000009a800000, 0x000000009a900000, 0x000000009a900000|100%| O|  |TAMS 0x000000009a800000, 0x000000009a800000| Untracked 
| 425|0x000000009a900000, 0x000000009aa00000, 0x000000009aa00000|100%| O|  |TAMS 0x000000009a900000, 0x000000009a900000| Untracked 
| 426|0x000000009aa00000, 0x000000009ab00000, 0x000000009ab00000|100%| O|  |TAMS 0x000000009aa00000, 0x000000009aa00000| Untracked 
| 427|0x000000009ab00000, 0x000000009ac00000, 0x000000009ac00000|100%| O|  |TAMS 0x000000009ab00000, 0x000000009ab00000| Untracked 
| 428|0x000000009ac00000, 0x000000009ad00000, 0x000000009ad00000|100%| O|  |TAMS 0x000000009ac00000, 0x000000009ac00000| Untracked 
| 429|0x000000009ad00000, 0x000000009ae00000, 0x000000009ae00000|100%| O|  |TAMS 0x000000009ad00000, 0x000000009ad00000| Untracked 
| 430|0x000000009ae00000, 0x000000009af00000, 0x000000009af00000|100%| O|  |TAMS 0x000000009ae00000, 0x000000009ae00000| Untracked 
| 431|0x000000009af00000, 0x000000009b000000, 0x000000009b000000|100%|HS|  |TAMS 0x000000009af00000, 0x000000009af00000| Complete 
| 432|0x000000009b000000, 0x000000009b100000, 0x000000009b100000|100%|HS|  |TAMS 0x000000009b000000, 0x000000009b000000| Complete 
| 433|0x000000009b100000, 0x000000009b200000, 0x000000009b200000|100%| O|  |TAMS 0x000000009b100000, 0x000000009b100000| Untracked 
| 434|0x000000009b200000, 0x000000009b300000, 0x000000009b300000|100%| O|  |TAMS 0x000000009b200000, 0x000000009b200000| Untracked 
| 435|0x000000009b300000, 0x000000009b400000, 0x000000009b400000|100%| O|  |TAMS 0x000000009b300000, 0x000000009b300000| Untracked 
| 436|0x000000009b400000, 0x000000009b500000, 0x000000009b500000|100%| O|  |TAMS 0x000000009b400000, 0x000000009b400000| Untracked 
| 437|0x000000009b500000, 0x000000009b600000, 0x000000009b600000|100%| O|  |TAMS 0x000000009b500000, 0x000000009b500000| Untracked 
| 438|0x000000009b600000, 0x000000009b700000, 0x000000009b700000|100%| O|  |TAMS 0x000000009b600000, 0x000000009b600000| Untracked 
| 439|0x000000009b700000, 0x000000009b800000, 0x000000009b800000|100%| O|  |TAMS 0x000000009b700000, 0x000000009b700000| Untracked 
| 440|0x000000009b800000, 0x000000009b900000, 0x000000009b900000|100%| O|  |TAMS 0x000000009b800000, 0x000000009b800000| Untracked 
| 441|0x000000009b900000, 0x000000009ba00000, 0x000000009ba00000|100%| O|  |TAMS 0x000000009b900000, 0x000000009b900000| Untracked 
| 442|0x000000009ba00000, 0x000000009bb00000, 0x000000009bb00000|100%| O|  |TAMS 0x000000009ba00000, 0x000000009ba00000| Untracked 
| 443|0x000000009bb00000, 0x000000009bc00000, 0x000000009bc00000|100%| O|  |TAMS 0x000000009bb00000, 0x000000009bb00000| Untracked 
| 444|0x000000009bc00000, 0x000000009bd00000, 0x000000009bd00000|100%| O|  |TAMS 0x000000009bc00000, 0x000000009bc00000| Untracked 
| 445|0x000000009bd00000, 0x000000009be00000, 0x000000009be00000|100%| O|  |TAMS 0x000000009bd00000, 0x000000009bd00000| Untracked 
| 446|0x000000009be00000, 0x000000009bf00000, 0x000000009bf00000|100%| O|  |TAMS 0x000000009be00000, 0x000000009be00000| Untracked 
| 447|0x000000009bf00000, 0x000000009c000000, 0x000000009c000000|100%| O|  |TAMS 0x000000009bf00000, 0x000000009bf00000| Untracked 
| 448|0x000000009c000000, 0x000000009c100000, 0x000000009c100000|100%| O|  |TAMS 0x000000009c000000, 0x000000009c000000| Untracked 
| 449|0x000000009c100000, 0x000000009c200000, 0x000000009c200000|100%| O|  |TAMS 0x000000009c100000, 0x000000009c100000| Untracked 
| 450|0x000000009c200000, 0x000000009c300000, 0x000000009c300000|100%| O|  |TAMS 0x000000009c200000, 0x000000009c200000| Untracked 
| 451|0x000000009c300000, 0x000000009c400000, 0x000000009c400000|100%| O|  |TAMS 0x000000009c300000, 0x000000009c300000| Untracked 
| 452|0x000000009c400000, 0x000000009c500000, 0x000000009c500000|100%| O|  |TAMS 0x000000009c400000, 0x000000009c400000| Untracked 
| 453|0x000000009c500000, 0x000000009c600000, 0x000000009c600000|100%| O|  |TAMS 0x000000009c500000, 0x000000009c500000| Untracked 
| 454|0x000000009c600000, 0x000000009c700000, 0x000000009c700000|100%| O|  |TAMS 0x000000009c600000, 0x000000009c600000| Untracked 
| 455|0x000000009c700000, 0x000000009c800000, 0x000000009c800000|100%| O|  |TAMS 0x000000009c700000, 0x000000009c700000| Untracked 
| 456|0x000000009c800000, 0x000000009c900000, 0x000000009c900000|100%| O|  |TAMS 0x000000009c800000, 0x000000009c800000| Untracked 
| 457|0x000000009c900000, 0x000000009ca00000, 0x000000009ca00000|100%| O|  |TAMS 0x000000009c900000, 0x000000009c900000| Untracked 
| 458|0x000000009ca00000, 0x000000009cb00000, 0x000000009cb00000|100%| O|  |TAMS 0x000000009ca00000, 0x000000009ca00000| Untracked 
| 459|0x000000009cb00000, 0x000000009cc00000, 0x000000009cc00000|100%| O|  |TAMS 0x000000009cb00000, 0x000000009cb00000| Untracked 
| 460|0x000000009cc00000, 0x000000009cd00000, 0x000000009cd00000|100%| O|  |TAMS 0x000000009cc00000, 0x000000009cc00000| Untracked 
| 461|0x000000009cd00000, 0x000000009ce00000, 0x000000009ce00000|100%| O|  |TAMS 0x000000009cd00000, 0x000000009cd00000| Untracked 
| 462|0x000000009ce00000, 0x000000009cf00000, 0x000000009cf00000|100%| O|  |TAMS 0x000000009ce00000, 0x000000009ce00000| Untracked 
| 463|0x000000009cf00000, 0x000000009d000000, 0x000000009d000000|100%| O|  |TAMS 0x000000009cf00000, 0x000000009cf00000| Untracked 
| 464|0x000000009d000000, 0x000000009d100000, 0x000000009d100000|100%| O|  |TAMS 0x000000009d000000, 0x000000009d000000| Untracked 
| 465|0x000000009d100000, 0x000000009d18c800, 0x000000009d200000| 54%| O|  |TAMS 0x000000009d100000, 0x000000009d100000| Untracked 
| 466|0x000000009d200000, 0x000000009d300000, 0x000000009d300000|100%|HS|  |TAMS 0x000000009d200000, 0x000000009d200000| Complete 
| 467|0x000000009d300000, 0x000000009d400000, 0x000000009d400000|100%| O|  |TAMS 0x000000009d300000, 0x000000009d300000| Untracked 
| 468|0x000000009d400000, 0x000000009d500000, 0x000000009d500000|100%| O|  |TAMS 0x000000009d400000, 0x000000009d400000| Untracked 
| 469|0x000000009d500000, 0x000000009d500000, 0x000000009d600000|  0%| F|  |TAMS 0x000000009d500000, 0x000000009d500000| Untracked 
| 470|0x000000009d600000, 0x000000009d600000, 0x000000009d700000|  0%| F|  |TAMS 0x000000009d600000, 0x000000009d600000| Untracked 
| 471|0x000000009d700000, 0x000000009d700000, 0x000000009d800000|  0%| F|  |TAMS 0x000000009d700000, 0x000000009d700000| Untracked 
| 472|0x000000009d800000, 0x000000009d800000, 0x000000009d900000|  0%| F|  |TAMS 0x000000009d800000, 0x000000009d800000| Untracked 
| 473|0x000000009d900000, 0x000000009da00000, 0x000000009da00000|100%|HS|  |TAMS 0x000000009d900000, 0x000000009d900000| Complete 
| 474|0x000000009da00000, 0x000000009da00000, 0x000000009db00000|  0%| F|  |TAMS 0x000000009da00000, 0x000000009da00000| Untracked 
| 475|0x000000009db00000, 0x000000009db00000, 0x000000009dc00000|  0%| F|  |TAMS 0x000000009db00000, 0x000000009db00000| Untracked 
| 476|0x000000009dc00000, 0x000000009dc00000, 0x000000009dd00000|  0%| F|  |TAMS 0x000000009dc00000, 0x000000009dc00000| Untracked 
| 477|0x000000009dd00000, 0x000000009de00000, 0x000000009de00000|100%|HS|  |TAMS 0x000000009dd00000, 0x000000009dd00000| Complete 
| 478|0x000000009de00000, 0x000000009df00000, 0x000000009df00000|100%| O|  |TAMS 0x000000009de00000, 0x000000009de00000| Untracked 
| 479|0x000000009df00000, 0x000000009e000000, 0x000000009e000000|100%| O|  |TAMS 0x000000009df00000, 0x000000009df00000| Untracked 
| 480|0x000000009e000000, 0x000000009e100000, 0x000000009e100000|100%| O|  |TAMS 0x000000009e000000, 0x000000009e000000| Untracked 
| 481|0x000000009e100000, 0x000000009e200000, 0x000000009e200000|100%| O|  |TAMS 0x000000009e100000, 0x000000009e100000| Untracked 
| 482|0x000000009e200000, 0x000000009e300000, 0x000000009e300000|100%| O|  |TAMS 0x000000009e200000, 0x000000009e200000| Untracked 
| 483|0x000000009e300000, 0x000000009e300000, 0x000000009e400000|  0%| F|  |TAMS 0x000000009e300000, 0x000000009e300000| Untracked 
| 484|0x000000009e400000, 0x000000009e400000, 0x000000009e500000|  0%| F|  |TAMS 0x000000009e400000, 0x000000009e400000| Untracked 
| 485|0x000000009e500000, 0x000000009e500000, 0x000000009e600000|  0%| F|  |TAMS 0x000000009e500000, 0x000000009e500000| Untracked 
| 486|0x000000009e600000, 0x000000009e600000, 0x000000009e700000|  0%| F|  |TAMS 0x000000009e600000, 0x000000009e600000| Untracked 
| 487|0x000000009e700000, 0x000000009e700000, 0x000000009e800000|  0%| F|  |TAMS 0x000000009e700000, 0x000000009e700000| Untracked 
| 488|0x000000009e800000, 0x000000009e800000, 0x000000009e900000|  0%| F|  |TAMS 0x000000009e800000, 0x000000009e800000| Untracked 
| 489|0x000000009e900000, 0x000000009e900000, 0x000000009ea00000|  0%| F|  |TAMS 0x000000009e900000, 0x000000009e900000| Untracked 
| 490|0x000000009ea00000, 0x000000009eb00000, 0x000000009eb00000|100%| O|  |TAMS 0x000000009ea00000, 0x000000009ea00000| Untracked 
| 491|0x000000009eb00000, 0x000000009ec00000, 0x000000009ec00000|100%| O|  |TAMS 0x000000009eb00000, 0x000000009eb00000| Untracked 
| 492|0x000000009ec00000, 0x000000009ed00000, 0x000000009ed00000|100%| O|  |TAMS 0x000000009ec00000, 0x000000009ec00000| Untracked 
| 493|0x000000009ed00000, 0x000000009ee00000, 0x000000009ee00000|100%| O|  |TAMS 0x000000009ed00000, 0x000000009ed00000| Untracked 
| 494|0x000000009ee00000, 0x000000009ef00000, 0x000000009ef00000|100%| O|  |TAMS 0x000000009ee00000, 0x000000009ee00000| Untracked 
| 495|0x000000009ef00000, 0x000000009f000000, 0x000000009f000000|100%| O|  |TAMS 0x000000009ef00000, 0x000000009ef00000| Untracked 
| 496|0x000000009f000000, 0x000000009f100000, 0x000000009f100000|100%| O|  |TAMS 0x000000009f000000, 0x000000009f000000| Untracked 
| 497|0x000000009f100000, 0x000000009f200000, 0x000000009f200000|100%| O|  |TAMS 0x000000009f100000, 0x000000009f100000| Untracked 
| 498|0x000000009f200000, 0x000000009f300000, 0x000000009f300000|100%| O|  |TAMS 0x000000009f200000, 0x000000009f200000| Untracked 
| 499|0x000000009f300000, 0x000000009f400000, 0x000000009f400000|100%| O|  |TAMS 0x000000009f300000, 0x000000009f300000| Untracked 
| 500|0x000000009f400000, 0x000000009f500000, 0x000000009f500000|100%| O|  |TAMS 0x000000009f400000, 0x000000009f400000| Untracked 
| 501|0x000000009f500000, 0x000000009f600000, 0x000000009f600000|100%| O|  |TAMS 0x000000009f500000, 0x000000009f500000| Untracked 
| 502|0x000000009f600000, 0x000000009f700000, 0x000000009f700000|100%| O|  |TAMS 0x000000009f600000, 0x000000009f600000| Untracked 
| 503|0x000000009f700000, 0x000000009f700000, 0x000000009f800000|  0%| F|  |TAMS 0x000000009f700000, 0x000000009f700000| Untracked 
| 504|0x000000009f800000, 0x000000009f800000, 0x000000009f900000|  0%| F|  |TAMS 0x000000009f800000, 0x000000009f800000| Untracked 
| 505|0x000000009f900000, 0x000000009f900000, 0x000000009fa00000|  0%| F|  |TAMS 0x000000009f900000, 0x000000009f900000| Untracked 
| 506|0x000000009fa00000, 0x000000009fa00000, 0x000000009fb00000|  0%| F|  |TAMS 0x000000009fa00000, 0x000000009fa00000| Untracked 
| 507|0x000000009fb00000, 0x000000009fb00000, 0x000000009fc00000|  0%| F|  |TAMS 0x000000009fb00000, 0x000000009fb00000| Untracked 
| 508|0x000000009fc00000, 0x000000009fc00000, 0x000000009fd00000|  0%| F|  |TAMS 0x000000009fc00000, 0x000000009fc00000| Untracked 
| 509|0x000000009fd00000, 0x000000009fd00000, 0x000000009fe00000|  0%| F|  |TAMS 0x000000009fd00000, 0x000000009fd00000| Untracked 
| 510|0x000000009fe00000, 0x000000009fe00000, 0x000000009ff00000|  0%| F|  |TAMS 0x000000009fe00000, 0x000000009fe00000| Untracked 
| 511|0x000000009ff00000, 0x000000009ff00000, 0x00000000a0000000|  0%| F|  |TAMS 0x000000009ff00000, 0x000000009ff00000| Untracked 
| 512|0x00000000a0000000, 0x00000000a0000000, 0x00000000a0100000|  0%| F|  |TAMS 0x00000000a0000000, 0x00000000a0000000| Untracked 
| 513|0x00000000a0100000, 0x00000000a0200000, 0x00000000a0200000|100%| O|  |TAMS 0x00000000a0100000, 0x00000000a0100000| Untracked 
| 514|0x00000000a0200000, 0x00000000a0300000, 0x00000000a0300000|100%| O|  |TAMS 0x00000000a0200000, 0x00000000a0200000| Untracked 
| 515|0x00000000a0300000, 0x00000000a0400000, 0x00000000a0400000|100%| O|  |TAMS 0x00000000a0300000, 0x00000000a0300000| Untracked 
| 516|0x00000000a0400000, 0x00000000a0500000, 0x00000000a0500000|100%| O|  |TAMS 0x00000000a0400000, 0x00000000a0400000| Untracked 
| 517|0x00000000a0500000, 0x00000000a0600000, 0x00000000a0600000|100%| O|  |TAMS 0x00000000a0500000, 0x00000000a0500000| Untracked 
| 518|0x00000000a0600000, 0x00000000a0700000, 0x00000000a0700000|100%| O|  |TAMS 0x00000000a0600000, 0x00000000a0600000| Untracked 
| 519|0x00000000a0700000, 0x00000000a0800000, 0x00000000a0800000|100%| O|  |TAMS 0x00000000a0700000, 0x00000000a0700000| Untracked 
| 520|0x00000000a0800000, 0x00000000a0900000, 0x00000000a0900000|100%| O|  |TAMS 0x00000000a0800000, 0x00000000a0800000| Untracked 
| 521|0x00000000a0900000, 0x00000000a0a00000, 0x00000000a0a00000|100%| O|  |TAMS 0x00000000a0900000, 0x00000000a0900000| Untracked 
| 522|0x00000000a0a00000, 0x00000000a0b00000, 0x00000000a0b00000|100%| O|  |TAMS 0x00000000a0a00000, 0x00000000a0a00000| Untracked 
| 523|0x00000000a0b00000, 0x00000000a0c00000, 0x00000000a0c00000|100%| O|  |TAMS 0x00000000a0b00000, 0x00000000a0b00000| Untracked 
| 524|0x00000000a0c00000, 0x00000000a0d00000, 0x00000000a0d00000|100%| O|  |TAMS 0x00000000a0c00000, 0x00000000a0c00000| Untracked 
| 525|0x00000000a0d00000, 0x00000000a0e00000, 0x00000000a0e00000|100%| O|  |TAMS 0x00000000a0d00000, 0x00000000a0d00000| Untracked 
| 526|0x00000000a0e00000, 0x00000000a0f00000, 0x00000000a0f00000|100%| O|  |TAMS 0x00000000a0e00000, 0x00000000a0e00000| Untracked 
| 527|0x00000000a0f00000, 0x00000000a1000000, 0x00000000a1000000|100%| O|  |TAMS 0x00000000a0f00000, 0x00000000a0f00000| Untracked 
| 528|0x00000000a1000000, 0x00000000a1100000, 0x00000000a1100000|100%| O|  |TAMS 0x00000000a1000000, 0x00000000a1000000| Untracked 
| 529|0x00000000a1100000, 0x00000000a1200000, 0x00000000a1200000|100%| O|  |TAMS 0x00000000a1100000, 0x00000000a1100000| Untracked 
| 530|0x00000000a1200000, 0x00000000a1300000, 0x00000000a1300000|100%| O|  |TAMS 0x00000000a1200000, 0x00000000a1200000| Untracked 
| 531|0x00000000a1300000, 0x00000000a1400000, 0x00000000a1400000|100%| O|  |TAMS 0x00000000a1300000, 0x00000000a1300000| Untracked 
| 532|0x00000000a1400000, 0x00000000a1500000, 0x00000000a1500000|100%| O|  |TAMS 0x00000000a1400000, 0x00000000a1400000| Untracked 
| 533|0x00000000a1500000, 0x00000000a1600000, 0x00000000a1600000|100%| O|  |TAMS 0x00000000a1500000, 0x00000000a1500000| Untracked 
| 534|0x00000000a1600000, 0x00000000a1700000, 0x00000000a1700000|100%| O|  |TAMS 0x00000000a1600000, 0x00000000a1600000| Untracked 
| 535|0x00000000a1700000, 0x00000000a1800000, 0x00000000a1800000|100%| O|  |TAMS 0x00000000a1700000, 0x00000000a1700000| Untracked 
| 536|0x00000000a1800000, 0x00000000a1800000, 0x00000000a1900000|  0%| F|  |TAMS 0x00000000a1800000, 0x00000000a1800000| Untracked 
| 537|0x00000000a1900000, 0x00000000a1900000, 0x00000000a1a00000|  0%| F|  |TAMS 0x00000000a1900000, 0x00000000a1900000| Untracked 
| 538|0x00000000a1a00000, 0x00000000a1a00000, 0x00000000a1b00000|  0%| F|  |TAMS 0x00000000a1a00000, 0x00000000a1a00000| Untracked 
| 539|0x00000000a1b00000, 0x00000000a1b00000, 0x00000000a1c00000|  0%| F|  |TAMS 0x00000000a1b00000, 0x00000000a1b00000| Untracked 
| 540|0x00000000a1c00000, 0x00000000a1c00000, 0x00000000a1d00000|  0%| F|  |TAMS 0x00000000a1c00000, 0x00000000a1c00000| Untracked 
| 541|0x00000000a1d00000, 0x00000000a1d00000, 0x00000000a1e00000|  0%| F|  |TAMS 0x00000000a1d00000, 0x00000000a1d00000| Untracked 
| 542|0x00000000a1e00000, 0x00000000a1e00000, 0x00000000a1f00000|  0%| F|  |TAMS 0x00000000a1e00000, 0x00000000a1e00000| Untracked 
| 543|0x00000000a1f00000, 0x00000000a1f00000, 0x00000000a2000000|  0%| F|  |TAMS 0x00000000a1f00000, 0x00000000a1f00000| Untracked 
| 544|0x00000000a2000000, 0x00000000a2000000, 0x00000000a2100000|  0%| F|  |TAMS 0x00000000a2000000, 0x00000000a2000000| Untracked 
| 545|0x00000000a2100000, 0x00000000a2100000, 0x00000000a2200000|  0%| F|  |TAMS 0x00000000a2100000, 0x00000000a2100000| Untracked 
| 546|0x00000000a2200000, 0x00000000a2200000, 0x00000000a2300000|  0%| F|  |TAMS 0x00000000a2200000, 0x00000000a2200000| Untracked 
| 547|0x00000000a2300000, 0x00000000a2300000, 0x00000000a2400000|  0%| F|  |TAMS 0x00000000a2300000, 0x00000000a2300000| Untracked 
| 548|0x00000000a2400000, 0x00000000a2400000, 0x00000000a2500000|  0%| F|  |TAMS 0x00000000a2400000, 0x00000000a2400000| Untracked 
| 549|0x00000000a2500000, 0x00000000a2500000, 0x00000000a2600000|  0%| F|  |TAMS 0x00000000a2500000, 0x00000000a2500000| Untracked 
| 550|0x00000000a2600000, 0x00000000a2600000, 0x00000000a2700000|  0%| F|  |TAMS 0x00000000a2600000, 0x00000000a2600000| Untracked 
| 551|0x00000000a2700000, 0x00000000a2700000, 0x00000000a2800000|  0%| F|  |TAMS 0x00000000a2700000, 0x00000000a2700000| Untracked 
| 552|0x00000000a2800000, 0x00000000a2800000, 0x00000000a2900000|  0%| F|  |TAMS 0x00000000a2800000, 0x00000000a2800000| Untracked 
| 553|0x00000000a2900000, 0x00000000a2900000, 0x00000000a2a00000|  0%| F|  |TAMS 0x00000000a2900000, 0x00000000a2900000| Untracked 
| 554|0x00000000a2a00000, 0x00000000a2a00000, 0x00000000a2b00000|  0%| F|  |TAMS 0x00000000a2a00000, 0x00000000a2a00000| Untracked 
| 555|0x00000000a2b00000, 0x00000000a2b00000, 0x00000000a2c00000|  0%| F|  |TAMS 0x00000000a2b00000, 0x00000000a2b00000| Untracked 
| 556|0x00000000a2c00000, 0x00000000a2c00000, 0x00000000a2d00000|  0%| F|  |TAMS 0x00000000a2c00000, 0x00000000a2c00000| Untracked 
| 557|0x00000000a2d00000, 0x00000000a2d00000, 0x00000000a2e00000|  0%| F|  |TAMS 0x00000000a2d00000, 0x00000000a2d00000| Untracked 
| 558|0x00000000a2e00000, 0x00000000a2e00000, 0x00000000a2f00000|  0%| F|  |TAMS 0x00000000a2e00000, 0x00000000a2e00000| Untracked 
| 559|0x00000000a2f00000, 0x00000000a2f00000, 0x00000000a3000000|  0%| F|  |TAMS 0x00000000a2f00000, 0x00000000a2f00000| Untracked 
| 560|0x00000000a3000000, 0x00000000a3000000, 0x00000000a3100000|  0%| F|  |TAMS 0x00000000a3000000, 0x00000000a3000000| Untracked 
| 561|0x00000000a3100000, 0x00000000a3100000, 0x00000000a3200000|  0%| F|  |TAMS 0x00000000a3100000, 0x00000000a3100000| Untracked 
| 562|0x00000000a3200000, 0x00000000a3200000, 0x00000000a3300000|  0%| F|  |TAMS 0x00000000a3200000, 0x00000000a3200000| Untracked 
| 563|0x00000000a3300000, 0x00000000a3300000, 0x00000000a3400000|  0%| F|  |TAMS 0x00000000a3300000, 0x00000000a3300000| Untracked 
| 564|0x00000000a3400000, 0x00000000a3400000, 0x00000000a3500000|  0%| F|  |TAMS 0x00000000a3400000, 0x00000000a3400000| Untracked 
| 565|0x00000000a3500000, 0x00000000a3500000, 0x00000000a3600000|  0%| F|  |TAMS 0x00000000a3500000, 0x00000000a3500000| Untracked 
| 566|0x00000000a3600000, 0x00000000a3600000, 0x00000000a3700000|  0%| F|  |TAMS 0x00000000a3600000, 0x00000000a3600000| Untracked 
| 567|0x00000000a3700000, 0x00000000a3700000, 0x00000000a3800000|  0%| F|  |TAMS 0x00000000a3700000, 0x00000000a3700000| Untracked 
| 568|0x00000000a3800000, 0x00000000a3800000, 0x00000000a3900000|  0%| F|  |TAMS 0x00000000a3800000, 0x00000000a3800000| Untracked 
| 569|0x00000000a3900000, 0x00000000a3900000, 0x00000000a3a00000|  0%| F|  |TAMS 0x00000000a3900000, 0x00000000a3900000| Untracked 
| 570|0x00000000a3a00000, 0x00000000a3a00000, 0x00000000a3b00000|  0%| F|  |TAMS 0x00000000a3a00000, 0x00000000a3a00000| Untracked 
| 571|0x00000000a3b00000, 0x00000000a3b00000, 0x00000000a3c00000|  0%| F|  |TAMS 0x00000000a3b00000, 0x00000000a3b00000| Untracked 
| 572|0x00000000a3c00000, 0x00000000a3c00000, 0x00000000a3d00000|  0%| F|  |TAMS 0x00000000a3c00000, 0x00000000a3c00000| Untracked 
| 573|0x00000000a3d00000, 0x00000000a3d00000, 0x00000000a3e00000|  0%| F|  |TAMS 0x00000000a3d00000, 0x00000000a3d00000| Untracked 
| 574|0x00000000a3e00000, 0x00000000a3e00000, 0x00000000a3f00000|  0%| F|  |TAMS 0x00000000a3e00000, 0x00000000a3e00000| Untracked 
| 575|0x00000000a3f00000, 0x00000000a3f00000, 0x00000000a4000000|  0%| F|  |TAMS 0x00000000a3f00000, 0x00000000a3f00000| Untracked 
| 576|0x00000000a4000000, 0x00000000a4000000, 0x00000000a4100000|  0%| F|  |TAMS 0x00000000a4000000, 0x00000000a4000000| Untracked 
| 577|0x00000000a4100000, 0x00000000a4100000, 0x00000000a4200000|  0%| F|  |TAMS 0x00000000a4100000, 0x00000000a4100000| Untracked 
| 578|0x00000000a4200000, 0x00000000a4200000, 0x00000000a4300000|  0%| F|  |TAMS 0x00000000a4200000, 0x00000000a4200000| Untracked 
| 579|0x00000000a4300000, 0x00000000a4300000, 0x00000000a4400000|  0%| F|  |TAMS 0x00000000a4300000, 0x00000000a4300000| Untracked 
| 580|0x00000000a4400000, 0x00000000a4400000, 0x00000000a4500000|  0%| F|  |TAMS 0x00000000a4400000, 0x00000000a4400000| Untracked 
| 581|0x00000000a4500000, 0x00000000a4500000, 0x00000000a4600000|  0%| F|  |TAMS 0x00000000a4500000, 0x00000000a4500000| Untracked 
| 582|0x00000000a4600000, 0x00000000a4600000, 0x00000000a4700000|  0%| F|  |TAMS 0x00000000a4600000, 0x00000000a4600000| Untracked 
| 583|0x00000000a4700000, 0x00000000a4700000, 0x00000000a4800000|  0%| F|  |TAMS 0x00000000a4700000, 0x00000000a4700000| Untracked 
| 584|0x00000000a4800000, 0x00000000a4800000, 0x00000000a4900000|  0%| F|  |TAMS 0x00000000a4800000, 0x00000000a4800000| Untracked 
| 585|0x00000000a4900000, 0x00000000a4900000, 0x00000000a4a00000|  0%| F|  |TAMS 0x00000000a4900000, 0x00000000a4900000| Untracked 
| 586|0x00000000a4a00000, 0x00000000a4a00000, 0x00000000a4b00000|  0%| F|  |TAMS 0x00000000a4a00000, 0x00000000a4a00000| Untracked 
| 587|0x00000000a4b00000, 0x00000000a4b00000, 0x00000000a4c00000|  0%| F|  |TAMS 0x00000000a4b00000, 0x00000000a4b00000| Untracked 
| 588|0x00000000a4c00000, 0x00000000a4c00000, 0x00000000a4d00000|  0%| F|  |TAMS 0x00000000a4c00000, 0x00000000a4c00000| Untracked 
| 589|0x00000000a4d00000, 0x00000000a4d00000, 0x00000000a4e00000|  0%| F|  |TAMS 0x00000000a4d00000, 0x00000000a4d00000| Untracked 
| 590|0x00000000a4e00000, 0x00000000a4e00000, 0x00000000a4f00000|  0%| F|  |TAMS 0x00000000a4e00000, 0x00000000a4e00000| Untracked 
| 591|0x00000000a4f00000, 0x00000000a4f00000, 0x00000000a5000000|  0%| F|  |TAMS 0x00000000a4f00000, 0x00000000a4f00000| Untracked 
| 592|0x00000000a5000000, 0x00000000a5000000, 0x00000000a5100000|  0%| F|  |TAMS 0x00000000a5000000, 0x00000000a5000000| Untracked 
| 593|0x00000000a5100000, 0x00000000a5100000, 0x00000000a5200000|  0%| F|  |TAMS 0x00000000a5100000, 0x00000000a5100000| Untracked 
| 594|0x00000000a5200000, 0x00000000a5200000, 0x00000000a5300000|  0%| F|  |TAMS 0x00000000a5200000, 0x00000000a5200000| Untracked 
| 595|0x00000000a5300000, 0x00000000a5300000, 0x00000000a5400000|  0%| F|  |TAMS 0x00000000a5300000, 0x00000000a5300000| Untracked 
| 596|0x00000000a5400000, 0x00000000a5400000, 0x00000000a5500000|  0%| F|  |TAMS 0x00000000a5400000, 0x00000000a5400000| Untracked 
| 597|0x00000000a5500000, 0x00000000a5500000, 0x00000000a5600000|  0%| F|  |TAMS 0x00000000a5500000, 0x00000000a5500000| Untracked 
| 598|0x00000000a5600000, 0x00000000a5600000, 0x00000000a5700000|  0%| F|  |TAMS 0x00000000a5600000, 0x00000000a5600000| Untracked 
| 599|0x00000000a5700000, 0x00000000a5700000, 0x00000000a5800000|  0%| F|  |TAMS 0x00000000a5700000, 0x00000000a5700000| Untracked 
| 600|0x00000000a5800000, 0x00000000a5800000, 0x00000000a5900000|  0%| F|  |TAMS 0x00000000a5800000, 0x00000000a5800000| Untracked 
| 601|0x00000000a5900000, 0x00000000a5900000, 0x00000000a5a00000|  0%| F|  |TAMS 0x00000000a5900000, 0x00000000a5900000| Untracked 
| 602|0x00000000a5a00000, 0x00000000a5a00000, 0x00000000a5b00000|  0%| F|  |TAMS 0x00000000a5a00000, 0x00000000a5a00000| Untracked 
| 603|0x00000000a5b00000, 0x00000000a5b00000, 0x00000000a5c00000|  0%| F|  |TAMS 0x00000000a5b00000, 0x00000000a5b00000| Untracked 
| 604|0x00000000a5c00000, 0x00000000a5c00000, 0x00000000a5d00000|  0%| F|  |TAMS 0x00000000a5c00000, 0x00000000a5c00000| Untracked 
| 605|0x00000000a5d00000, 0x00000000a5d00000, 0x00000000a5e00000|  0%| F|  |TAMS 0x00000000a5d00000, 0x00000000a5d00000| Untracked 
| 606|0x00000000a5e00000, 0x00000000a5e2a680, 0x00000000a5f00000| 16%| S|CS|TAMS 0x00000000a5e00000, 0x00000000a5e00000| Complete 
| 607|0x00000000a5f00000, 0x00000000a6000000, 0x00000000a6000000|100%| S|CS|TAMS 0x00000000a5f00000, 0x00000000a5f00000| Complete 
| 608|0x00000000a6000000, 0x00000000a6100000, 0x00000000a6100000|100%| S|CS|TAMS 0x00000000a6000000, 0x00000000a6000000| Complete 
| 609|0x00000000a6100000, 0x00000000a6200000, 0x00000000a6200000|100%| S|CS|TAMS 0x00000000a6100000, 0x00000000a6100000| Complete 
| 610|0x00000000a6200000, 0x00000000a6300000, 0x00000000a6300000|100%| S|CS|TAMS 0x00000000a6200000, 0x00000000a6200000| Complete 
| 611|0x00000000a6300000, 0x00000000a6400000, 0x00000000a6400000|100%| S|CS|TAMS 0x00000000a6300000, 0x00000000a6300000| Complete 
| 612|0x00000000a6400000, 0x00000000a6500000, 0x00000000a6500000|100%| S|CS|TAMS 0x00000000a6400000, 0x00000000a6400000| Complete 
| 613|0x00000000a6500000, 0x00000000a6600000, 0x00000000a6600000|100%| S|CS|TAMS 0x00000000a6500000, 0x00000000a6500000| Complete 
| 614|0x00000000a6600000, 0x00000000a6600000, 0x00000000a6700000|  0%| F|  |TAMS 0x00000000a6600000, 0x00000000a6600000| Untracked 
| 615|0x00000000a6700000, 0x00000000a6700000, 0x00000000a6800000|  0%| F|  |TAMS 0x00000000a6700000, 0x00000000a6700000| Untracked 
| 616|0x00000000a6800000, 0x00000000a6800000, 0x00000000a6900000|  0%| F|  |TAMS 0x00000000a6800000, 0x00000000a6800000| Untracked 
| 617|0x00000000a6900000, 0x00000000a6900000, 0x00000000a6a00000|  0%| F|  |TAMS 0x00000000a6900000, 0x00000000a6900000| Untracked 
| 618|0x00000000a6a00000, 0x00000000a6a00000, 0x00000000a6b00000|  0%| F|  |TAMS 0x00000000a6a00000, 0x00000000a6a00000| Untracked 
| 619|0x00000000a6b00000, 0x00000000a6b00000, 0x00000000a6c00000|  0%| F|  |TAMS 0x00000000a6b00000, 0x00000000a6b00000| Untracked 
| 620|0x00000000a6c00000, 0x00000000a6c00000, 0x00000000a6d00000|  0%| F|  |TAMS 0x00000000a6c00000, 0x00000000a6c00000| Untracked 
| 621|0x00000000a6d00000, 0x00000000a6d00000, 0x00000000a6e00000|  0%| F|  |TAMS 0x00000000a6d00000, 0x00000000a6d00000| Untracked 
| 622|0x00000000a6e00000, 0x00000000a6e00000, 0x00000000a6f00000|  0%| F|  |TAMS 0x00000000a6e00000, 0x00000000a6e00000| Untracked 
| 623|0x00000000a6f00000, 0x00000000a6f00000, 0x00000000a7000000|  0%| F|  |TAMS 0x00000000a6f00000, 0x00000000a6f00000| Untracked 
| 624|0x00000000a7000000, 0x00000000a7000000, 0x00000000a7100000|  0%| F|  |TAMS 0x00000000a7000000, 0x00000000a7000000| Untracked 
| 625|0x00000000a7100000, 0x00000000a7100000, 0x00000000a7200000|  0%| F|  |TAMS 0x00000000a7100000, 0x00000000a7100000| Untracked 
| 626|0x00000000a7200000, 0x00000000a7200000, 0x00000000a7300000|  0%| F|  |TAMS 0x00000000a7200000, 0x00000000a7200000| Untracked 
| 627|0x00000000a7300000, 0x00000000a7300000, 0x00000000a7400000|  0%| F|  |TAMS 0x00000000a7300000, 0x00000000a7300000| Untracked 
| 628|0x00000000a7400000, 0x00000000a7400000, 0x00000000a7500000|  0%| F|  |TAMS 0x00000000a7400000, 0x00000000a7400000| Untracked 
| 629|0x00000000a7500000, 0x00000000a7500000, 0x00000000a7600000|  0%| F|  |TAMS 0x00000000a7500000, 0x00000000a7500000| Untracked 
| 630|0x00000000a7600000, 0x00000000a7600000, 0x00000000a7700000|  0%| F|  |TAMS 0x00000000a7600000, 0x00000000a7600000| Untracked 
| 631|0x00000000a7700000, 0x00000000a7700000, 0x00000000a7800000|  0%| F|  |TAMS 0x00000000a7700000, 0x00000000a7700000| Untracked 
| 632|0x00000000a7800000, 0x00000000a7800000, 0x00000000a7900000|  0%| F|  |TAMS 0x00000000a7800000, 0x00000000a7800000| Untracked 
| 633|0x00000000a7900000, 0x00000000a7900000, 0x00000000a7a00000|  0%| F|  |TAMS 0x00000000a7900000, 0x00000000a7900000| Untracked 
| 634|0x00000000a7a00000, 0x00000000a7a00000, 0x00000000a7b00000|  0%| F|  |TAMS 0x00000000a7a00000, 0x00000000a7a00000| Untracked 
| 635|0x00000000a7b00000, 0x00000000a7b00000, 0x00000000a7c00000|  0%| F|  |TAMS 0x00000000a7b00000, 0x00000000a7b00000| Untracked 
| 636|0x00000000a7c00000, 0x00000000a7c00000, 0x00000000a7d00000|  0%| F|  |TAMS 0x00000000a7c00000, 0x00000000a7c00000| Untracked 
| 637|0x00000000a7d00000, 0x00000000a7d00000, 0x00000000a7e00000|  0%| F|  |TAMS 0x00000000a7d00000, 0x00000000a7d00000| Untracked 
| 638|0x00000000a7e00000, 0x00000000a7e00000, 0x00000000a7f00000|  0%| F|  |TAMS 0x00000000a7e00000, 0x00000000a7e00000| Untracked 
| 639|0x00000000a7f00000, 0x00000000a7f00000, 0x00000000a8000000|  0%| F|  |TAMS 0x00000000a7f00000, 0x00000000a7f00000| Untracked 
| 640|0x00000000a8000000, 0x00000000a8000000, 0x00000000a8100000|  0%| F|  |TAMS 0x00000000a8000000, 0x00000000a8000000| Untracked 
| 641|0x00000000a8100000, 0x00000000a8100000, 0x00000000a8200000|  0%| F|  |TAMS 0x00000000a8100000, 0x00000000a8100000| Untracked 
| 642|0x00000000a8200000, 0x00000000a8200000, 0x00000000a8300000|  0%| F|  |TAMS 0x00000000a8200000, 0x00000000a8200000| Untracked 
| 643|0x00000000a8300000, 0x00000000a8300000, 0x00000000a8400000|  0%| F|  |TAMS 0x00000000a8300000, 0x00000000a8300000| Untracked 
| 644|0x00000000a8400000, 0x00000000a8400000, 0x00000000a8500000|  0%| F|  |TAMS 0x00000000a8400000, 0x00000000a8400000| Untracked 
| 645|0x00000000a8500000, 0x00000000a8500000, 0x00000000a8600000|  0%| F|  |TAMS 0x00000000a8500000, 0x00000000a8500000| Untracked 
| 646|0x00000000a8600000, 0x00000000a8600000, 0x00000000a8700000|  0%| F|  |TAMS 0x00000000a8600000, 0x00000000a8600000| Untracked 
| 647|0x00000000a8700000, 0x00000000a8700000, 0x00000000a8800000|  0%| F|  |TAMS 0x00000000a8700000, 0x00000000a8700000| Untracked 
| 648|0x00000000a8800000, 0x00000000a8800000, 0x00000000a8900000|  0%| F|  |TAMS 0x00000000a8800000, 0x00000000a8800000| Untracked 
| 649|0x00000000a8900000, 0x00000000a8900000, 0x00000000a8a00000|  0%| F|  |TAMS 0x00000000a8900000, 0x00000000a8900000| Untracked 
| 650|0x00000000a8a00000, 0x00000000a8a00000, 0x00000000a8b00000|  0%| F|  |TAMS 0x00000000a8a00000, 0x00000000a8a00000| Untracked 
| 651|0x00000000a8b00000, 0x00000000a8b00000, 0x00000000a8c00000|  0%| F|  |TAMS 0x00000000a8b00000, 0x00000000a8b00000| Untracked 
| 652|0x00000000a8c00000, 0x00000000a8c00000, 0x00000000a8d00000|  0%| F|  |TAMS 0x00000000a8c00000, 0x00000000a8c00000| Untracked 
| 653|0x00000000a8d00000, 0x00000000a8d00000, 0x00000000a8e00000|  0%| F|  |TAMS 0x00000000a8d00000, 0x00000000a8d00000| Untracked 
| 654|0x00000000a8e00000, 0x00000000a8e00000, 0x00000000a8f00000|  0%| F|  |TAMS 0x00000000a8e00000, 0x00000000a8e00000| Untracked 
| 655|0x00000000a8f00000, 0x00000000a8f00000, 0x00000000a9000000|  0%| F|  |TAMS 0x00000000a8f00000, 0x00000000a8f00000| Untracked 
| 656|0x00000000a9000000, 0x00000000a9000000, 0x00000000a9100000|  0%| F|  |TAMS 0x00000000a9000000, 0x00000000a9000000| Untracked 
| 657|0x00000000a9100000, 0x00000000a9100000, 0x00000000a9200000|  0%| F|  |TAMS 0x00000000a9100000, 0x00000000a9100000| Untracked 
| 658|0x00000000a9200000, 0x00000000a9200000, 0x00000000a9300000|  0%| F|  |TAMS 0x00000000a9200000, 0x00000000a9200000| Untracked 
| 659|0x00000000a9300000, 0x00000000a9300000, 0x00000000a9400000|  0%| F|  |TAMS 0x00000000a9300000, 0x00000000a9300000| Untracked 
| 660|0x00000000a9400000, 0x00000000a9400000, 0x00000000a9500000|  0%| F|  |TAMS 0x00000000a9400000, 0x00000000a9400000| Untracked 
| 661|0x00000000a9500000, 0x00000000a9500000, 0x00000000a9600000|  0%| F|  |TAMS 0x00000000a9500000, 0x00000000a9500000| Untracked 
| 662|0x00000000a9600000, 0x00000000a9600000, 0x00000000a9700000|  0%| F|  |TAMS 0x00000000a9600000, 0x00000000a9600000| Untracked 
| 663|0x00000000a9700000, 0x00000000a9700000, 0x00000000a9800000|  0%| F|  |TAMS 0x00000000a9700000, 0x00000000a9700000| Untracked 
| 664|0x00000000a9800000, 0x00000000a9800000, 0x00000000a9900000|  0%| F|  |TAMS 0x00000000a9800000, 0x00000000a9800000| Untracked 
| 665|0x00000000a9900000, 0x00000000a9900000, 0x00000000a9a00000|  0%| F|  |TAMS 0x00000000a9900000, 0x00000000a9900000| Untracked 
| 666|0x00000000a9a00000, 0x00000000a9a00000, 0x00000000a9b00000|  0%| F|  |TAMS 0x00000000a9a00000, 0x00000000a9a00000| Untracked 
| 667|0x00000000a9b00000, 0x00000000a9b00000, 0x00000000a9c00000|  0%| F|  |TAMS 0x00000000a9b00000, 0x00000000a9b00000| Untracked 
| 668|0x00000000a9c00000, 0x00000000a9c00000, 0x00000000a9d00000|  0%| F|  |TAMS 0x00000000a9c00000, 0x00000000a9c00000| Untracked 
| 669|0x00000000a9d00000, 0x00000000a9d00000, 0x00000000a9e00000|  0%| F|  |TAMS 0x00000000a9d00000, 0x00000000a9d00000| Untracked 
| 670|0x00000000a9e00000, 0x00000000a9e00000, 0x00000000a9f00000|  0%| F|  |TAMS 0x00000000a9e00000, 0x00000000a9e00000| Untracked 
| 671|0x00000000a9f00000, 0x00000000a9f00000, 0x00000000aa000000|  0%| F|  |TAMS 0x00000000a9f00000, 0x00000000a9f00000| Untracked 
| 672|0x00000000aa000000, 0x00000000aa000000, 0x00000000aa100000|  0%| F|  |TAMS 0x00000000aa000000, 0x00000000aa000000| Untracked 
| 673|0x00000000aa100000, 0x00000000aa100000, 0x00000000aa200000|  0%| F|  |TAMS 0x00000000aa100000, 0x00000000aa100000| Untracked 
| 674|0x00000000aa200000, 0x00000000aa200000, 0x00000000aa300000|  0%| F|  |TAMS 0x00000000aa200000, 0x00000000aa200000| Untracked 
| 675|0x00000000aa300000, 0x00000000aa300000, 0x00000000aa400000|  0%| F|  |TAMS 0x00000000aa300000, 0x00000000aa300000| Untracked 
| 676|0x00000000aa400000, 0x00000000aa400000, 0x00000000aa500000|  0%| F|  |TAMS 0x00000000aa400000, 0x00000000aa400000| Untracked 
| 677|0x00000000aa500000, 0x00000000aa500000, 0x00000000aa600000|  0%| F|  |TAMS 0x00000000aa500000, 0x00000000aa500000| Untracked 
| 678|0x00000000aa600000, 0x00000000aa600000, 0x00000000aa700000|  0%| F|  |TAMS 0x00000000aa600000, 0x00000000aa600000| Untracked 
| 679|0x00000000aa700000, 0x00000000aa700000, 0x00000000aa800000|  0%| F|  |TAMS 0x00000000aa700000, 0x00000000aa700000| Untracked 
| 680|0x00000000aa800000, 0x00000000aa800000, 0x00000000aa900000|  0%| F|  |TAMS 0x00000000aa800000, 0x00000000aa800000| Untracked 
| 681|0x00000000aa900000, 0x00000000aa900000, 0x00000000aaa00000|  0%| F|  |TAMS 0x00000000aa900000, 0x00000000aa900000| Untracked 
| 682|0x00000000aaa00000, 0x00000000aaa00000, 0x00000000aab00000|  0%| F|  |TAMS 0x00000000aaa00000, 0x00000000aaa00000| Untracked 
| 683|0x00000000aab00000, 0x00000000aab00000, 0x00000000aac00000|  0%| F|  |TAMS 0x00000000aab00000, 0x00000000aab00000| Untracked 
| 684|0x00000000aac00000, 0x00000000aac00000, 0x00000000aad00000|  0%| F|  |TAMS 0x00000000aac00000, 0x00000000aac00000| Untracked 
| 685|0x00000000aad00000, 0x00000000aad00000, 0x00000000aae00000|  0%| F|  |TAMS 0x00000000aad00000, 0x00000000aad00000| Untracked 
| 686|0x00000000aae00000, 0x00000000aae00000, 0x00000000aaf00000|  0%| F|  |TAMS 0x00000000aae00000, 0x00000000aae00000| Untracked 
| 687|0x00000000aaf00000, 0x00000000aaf00000, 0x00000000ab000000|  0%| F|  |TAMS 0x00000000aaf00000, 0x00000000aaf00000| Untracked 
| 688|0x00000000ab000000, 0x00000000ab000000, 0x00000000ab100000|  0%| F|  |TAMS 0x00000000ab000000, 0x00000000ab000000| Untracked 
| 689|0x00000000ab100000, 0x00000000ab100000, 0x00000000ab200000|  0%| F|  |TAMS 0x00000000ab100000, 0x00000000ab100000| Untracked 
| 690|0x00000000ab200000, 0x00000000ab200000, 0x00000000ab300000|  0%| F|  |TAMS 0x00000000ab200000, 0x00000000ab200000| Untracked 
| 691|0x00000000ab300000, 0x00000000ab300000, 0x00000000ab400000|  0%| F|  |TAMS 0x00000000ab300000, 0x00000000ab300000| Untracked 
| 692|0x00000000ab400000, 0x00000000ab400000, 0x00000000ab500000|  0%| F|  |TAMS 0x00000000ab400000, 0x00000000ab400000| Untracked 
| 693|0x00000000ab500000, 0x00000000ab500000, 0x00000000ab600000|  0%| F|  |TAMS 0x00000000ab500000, 0x00000000ab500000| Untracked 
| 694|0x00000000ab600000, 0x00000000ab600000, 0x00000000ab700000|  0%| F|  |TAMS 0x00000000ab600000, 0x00000000ab600000| Untracked 
| 695|0x00000000ab700000, 0x00000000ab700000, 0x00000000ab800000|  0%| F|  |TAMS 0x00000000ab700000, 0x00000000ab700000| Untracked 
| 696|0x00000000ab800000, 0x00000000ab800000, 0x00000000ab900000|  0%| F|  |TAMS 0x00000000ab800000, 0x00000000ab800000| Untracked 
| 697|0x00000000ab900000, 0x00000000ab900000, 0x00000000aba00000|  0%| F|  |TAMS 0x00000000ab900000, 0x00000000ab900000| Untracked 
| 698|0x00000000aba00000, 0x00000000aba00000, 0x00000000abb00000|  0%| F|  |TAMS 0x00000000aba00000, 0x00000000aba00000| Untracked 
| 699|0x00000000abb00000, 0x00000000abb00000, 0x00000000abc00000|  0%| F|  |TAMS 0x00000000abb00000, 0x00000000abb00000| Untracked 
| 700|0x00000000abc00000, 0x00000000abc00000, 0x00000000abd00000|  0%| F|  |TAMS 0x00000000abc00000, 0x00000000abc00000| Untracked 
| 701|0x00000000abd00000, 0x00000000abd00000, 0x00000000abe00000|  0%| F|  |TAMS 0x00000000abd00000, 0x00000000abd00000| Untracked 
| 702|0x00000000abe00000, 0x00000000abe00000, 0x00000000abf00000|  0%| F|  |TAMS 0x00000000abe00000, 0x00000000abe00000| Untracked 
| 703|0x00000000abf00000, 0x00000000abf00000, 0x00000000ac000000|  0%| F|  |TAMS 0x00000000abf00000, 0x00000000abf00000| Untracked 
| 704|0x00000000ac000000, 0x00000000ac000000, 0x00000000ac100000|  0%| F|  |TAMS 0x00000000ac000000, 0x00000000ac000000| Untracked 
| 705|0x00000000ac100000, 0x00000000ac100000, 0x00000000ac200000|  0%| F|  |TAMS 0x00000000ac100000, 0x00000000ac100000| Untracked 
| 706|0x00000000ac200000, 0x00000000ac200000, 0x00000000ac300000|  0%| F|  |TAMS 0x00000000ac200000, 0x00000000ac200000| Untracked 
| 707|0x00000000ac300000, 0x00000000ac300000, 0x00000000ac400000|  0%| F|  |TAMS 0x00000000ac300000, 0x00000000ac300000| Untracked 
| 708|0x00000000ac400000, 0x00000000ac400000, 0x00000000ac500000|  0%| F|  |TAMS 0x00000000ac400000, 0x00000000ac400000| Untracked 
| 709|0x00000000ac500000, 0x00000000ac500000, 0x00000000ac600000|  0%| F|  |TAMS 0x00000000ac500000, 0x00000000ac500000| Untracked 
| 710|0x00000000ac600000, 0x00000000ac600000, 0x00000000ac700000|  0%| F|  |TAMS 0x00000000ac600000, 0x00000000ac600000| Untracked 
| 711|0x00000000ac700000, 0x00000000ac700000, 0x00000000ac800000|  0%| F|  |TAMS 0x00000000ac700000, 0x00000000ac700000| Untracked 
| 712|0x00000000ac800000, 0x00000000ac800000, 0x00000000ac900000|  0%| F|  |TAMS 0x00000000ac800000, 0x00000000ac800000| Untracked 
| 713|0x00000000ac900000, 0x00000000ac900000, 0x00000000aca00000|  0%| F|  |TAMS 0x00000000ac900000, 0x00000000ac900000| Untracked 
| 714|0x00000000aca00000, 0x00000000aca00000, 0x00000000acb00000|  0%| F|  |TAMS 0x00000000aca00000, 0x00000000aca00000| Untracked 
| 715|0x00000000acb00000, 0x00000000acb00000, 0x00000000acc00000|  0%| F|  |TAMS 0x00000000acb00000, 0x00000000acb00000| Untracked 
| 716|0x00000000acc00000, 0x00000000acc00000, 0x00000000acd00000|  0%| F|  |TAMS 0x00000000acc00000, 0x00000000acc00000| Untracked 
| 717|0x00000000acd00000, 0x00000000acd00000, 0x00000000ace00000|  0%| F|  |TAMS 0x00000000acd00000, 0x00000000acd00000| Untracked 
| 718|0x00000000ace00000, 0x00000000ace00000, 0x00000000acf00000|  0%| F|  |TAMS 0x00000000ace00000, 0x00000000ace00000| Untracked 
| 719|0x00000000acf00000, 0x00000000acf00000, 0x00000000ad000000|  0%| F|  |TAMS 0x00000000acf00000, 0x00000000acf00000| Untracked 
| 720|0x00000000ad000000, 0x00000000ad000000, 0x00000000ad100000|  0%| F|  |TAMS 0x00000000ad000000, 0x00000000ad000000| Untracked 
| 721|0x00000000ad100000, 0x00000000ad100000, 0x00000000ad200000|  0%| F|  |TAMS 0x00000000ad100000, 0x00000000ad100000| Untracked 
| 722|0x00000000ad200000, 0x00000000ad200000, 0x00000000ad300000|  0%| F|  |TAMS 0x00000000ad200000, 0x00000000ad200000| Untracked 
| 723|0x00000000ad300000, 0x00000000ad300000, 0x00000000ad400000|  0%| F|  |TAMS 0x00000000ad300000, 0x00000000ad300000| Untracked 
| 724|0x00000000ad400000, 0x00000000ad400000, 0x00000000ad500000|  0%| F|  |TAMS 0x00000000ad400000, 0x00000000ad400000| Untracked 
| 725|0x00000000ad500000, 0x00000000ad500000, 0x00000000ad600000|  0%| F|  |TAMS 0x00000000ad500000, 0x00000000ad500000| Untracked 
| 726|0x00000000ad600000, 0x00000000ad600000, 0x00000000ad700000|  0%| F|  |TAMS 0x00000000ad600000, 0x00000000ad600000| Untracked 
| 727|0x00000000ad700000, 0x00000000ad700000, 0x00000000ad800000|  0%| F|  |TAMS 0x00000000ad700000, 0x00000000ad700000| Untracked 
| 728|0x00000000ad800000, 0x00000000ad800000, 0x00000000ad900000|  0%| F|  |TAMS 0x00000000ad800000, 0x00000000ad800000| Untracked 
| 729|0x00000000ad900000, 0x00000000ad900000, 0x00000000ada00000|  0%| F|  |TAMS 0x00000000ad900000, 0x00000000ad900000| Untracked 
| 730|0x00000000ada00000, 0x00000000ada00000, 0x00000000adb00000|  0%| F|  |TAMS 0x00000000ada00000, 0x00000000ada00000| Untracked 
| 731|0x00000000adb00000, 0x00000000adb00000, 0x00000000adc00000|  0%| F|  |TAMS 0x00000000adb00000, 0x00000000adb00000| Untracked 
| 732|0x00000000adc00000, 0x00000000adc00000, 0x00000000add00000|  0%| F|  |TAMS 0x00000000adc00000, 0x00000000adc00000| Untracked 
| 733|0x00000000add00000, 0x00000000add00000, 0x00000000ade00000|  0%| F|  |TAMS 0x00000000add00000, 0x00000000add00000| Untracked 
| 734|0x00000000ade00000, 0x00000000ade00000, 0x00000000adf00000|  0%| F|  |TAMS 0x00000000ade00000, 0x00000000ade00000| Untracked 
| 735|0x00000000adf00000, 0x00000000adf00000, 0x00000000ae000000|  0%| F|  |TAMS 0x00000000adf00000, 0x00000000adf00000| Untracked 
| 736|0x00000000ae000000, 0x00000000ae000000, 0x00000000ae100000|  0%| F|  |TAMS 0x00000000ae000000, 0x00000000ae000000| Untracked 
| 737|0x00000000ae100000, 0x00000000ae100000, 0x00000000ae200000|  0%| F|  |TAMS 0x00000000ae100000, 0x00000000ae100000| Untracked 
| 738|0x00000000ae200000, 0x00000000ae200000, 0x00000000ae300000|  0%| F|  |TAMS 0x00000000ae200000, 0x00000000ae200000| Untracked 
| 739|0x00000000ae300000, 0x00000000ae300000, 0x00000000ae400000|  0%| F|  |TAMS 0x00000000ae300000, 0x00000000ae300000| Untracked 
| 740|0x00000000ae400000, 0x00000000ae400000, 0x00000000ae500000|  0%| F|  |TAMS 0x00000000ae400000, 0x00000000ae400000| Untracked 
| 741|0x00000000ae500000, 0x00000000ae502010, 0x00000000ae600000|  0%| E|  |TAMS 0x00000000ae500000, 0x00000000ae500000| Complete 
| 742|0x00000000ae600000, 0x00000000ae700000, 0x00000000ae700000|100%| E|  |TAMS 0x00000000ae600000, 0x00000000ae600000| Complete 
| 743|0x00000000ae700000, 0x00000000ae800000, 0x00000000ae800000|100%| E|CS|TAMS 0x00000000ae700000, 0x00000000ae700000| Complete 
| 744|0x00000000ae800000, 0x00000000ae900000, 0x00000000ae900000|100%| E|CS|TAMS 0x00000000ae800000, 0x00000000ae800000| Complete 
| 745|0x00000000ae900000, 0x00000000aea00000, 0x00000000aea00000|100%| E|CS|TAMS 0x00000000ae900000, 0x00000000ae900000| Complete 
| 746|0x00000000aea00000, 0x00000000aeb00000, 0x00000000aeb00000|100%| E|CS|TAMS 0x00000000aea00000, 0x00000000aea00000| Complete 
| 747|0x00000000aeb00000, 0x00000000aec00000, 0x00000000aec00000|100%| E|CS|TAMS 0x00000000aeb00000, 0x00000000aeb00000| Complete 
| 748|0x00000000aec00000, 0x00000000aed00000, 0x00000000aed00000|100%| E|CS|TAMS 0x00000000aec00000, 0x00000000aec00000| Complete 
| 749|0x00000000aed00000, 0x00000000aee00000, 0x00000000aee00000|100%| E|CS|TAMS 0x00000000aed00000, 0x00000000aed00000| Complete 
| 750|0x00000000aee00000, 0x00000000aef00000, 0x00000000aef00000|100%| E|CS|TAMS 0x00000000aee00000, 0x00000000aee00000| Complete 
| 751|0x00000000aef00000, 0x00000000af000000, 0x00000000af000000|100%| E|CS|TAMS 0x00000000aef00000, 0x00000000aef00000| Complete 
| 752|0x00000000af000000, 0x00000000af100000, 0x00000000af100000|100%| E|CS|TAMS 0x00000000af000000, 0x00000000af000000| Complete 
| 753|0x00000000af100000, 0x00000000af200000, 0x00000000af200000|100%| E|CS|TAMS 0x00000000af100000, 0x00000000af100000| Complete 
| 754|0x00000000af200000, 0x00000000af300000, 0x00000000af300000|100%| E|CS|TAMS 0x00000000af200000, 0x00000000af200000| Complete 
| 755|0x00000000af300000, 0x00000000af400000, 0x00000000af400000|100%| E|CS|TAMS 0x00000000af300000, 0x00000000af300000| Complete 
| 756|0x00000000af400000, 0x00000000af500000, 0x00000000af500000|100%| E|CS|TAMS 0x00000000af400000, 0x00000000af400000| Complete 
| 757|0x00000000af500000, 0x00000000af600000, 0x00000000af600000|100%| E|CS|TAMS 0x00000000af500000, 0x00000000af500000| Complete 
| 758|0x00000000af600000, 0x00000000af700000, 0x00000000af700000|100%| E|CS|TAMS 0x00000000af600000, 0x00000000af600000| Complete 
| 759|0x00000000af700000, 0x00000000af800000, 0x00000000af800000|100%| E|CS|TAMS 0x00000000af700000, 0x00000000af700000| Complete 
| 760|0x00000000af800000, 0x00000000af900000, 0x00000000af900000|100%| E|CS|TAMS 0x00000000af800000, 0x00000000af800000| Complete 
| 761|0x00000000af900000, 0x00000000afa00000, 0x00000000afa00000|100%| E|CS|TAMS 0x00000000af900000, 0x00000000af900000| Complete 
| 762|0x00000000afa00000, 0x00000000afb00000, 0x00000000afb00000|100%| E|CS|TAMS 0x00000000afa00000, 0x00000000afa00000| Complete 
| 763|0x00000000afb00000, 0x00000000afc00000, 0x00000000afc00000|100%| E|CS|TAMS 0x00000000afb00000, 0x00000000afb00000| Complete 
| 764|0x00000000afc00000, 0x00000000afd00000, 0x00000000afd00000|100%| E|CS|TAMS 0x00000000afc00000, 0x00000000afc00000| Complete 
| 765|0x00000000afd00000, 0x00000000afe00000, 0x00000000afe00000|100%| E|CS|TAMS 0x00000000afd00000, 0x00000000afd00000| Complete 
| 766|0x00000000afe00000, 0x00000000aff00000, 0x00000000aff00000|100%| E|CS|TAMS 0x00000000afe00000, 0x00000000afe00000| Complete 
| 767|0x00000000aff00000, 0x00000000b0000000, 0x00000000b0000000|100%| E|CS|TAMS 0x00000000aff00000, 0x00000000aff00000| Complete 
| 768|0x00000000b0000000, 0x00000000b0100000, 0x00000000b0100000|100%| E|CS|TAMS 0x00000000b0000000, 0x00000000b0000000| Complete 
| 769|0x00000000b0100000, 0x00000000b0200000, 0x00000000b0200000|100%| E|CS|TAMS 0x00000000b0100000, 0x00000000b0100000| Complete 
| 770|0x00000000b0200000, 0x00000000b0300000, 0x00000000b0300000|100%| E|CS|TAMS 0x00000000b0200000, 0x00000000b0200000| Complete 
| 771|0x00000000b0300000, 0x00000000b0400000, 0x00000000b0400000|100%| E|CS|TAMS 0x00000000b0300000, 0x00000000b0300000| Complete 
| 772|0x00000000b0400000, 0x00000000b0500000, 0x00000000b0500000|100%| E|CS|TAMS 0x00000000b0400000, 0x00000000b0400000| Complete 
| 773|0x00000000b0500000, 0x00000000b0600000, 0x00000000b0600000|100%| E|CS|TAMS 0x00000000b0500000, 0x00000000b0500000| Complete 
| 774|0x00000000b0600000, 0x00000000b0700000, 0x00000000b0700000|100%| E|CS|TAMS 0x00000000b0600000, 0x00000000b0600000| Complete 
| 775|0x00000000b0700000, 0x00000000b0800000, 0x00000000b0800000|100%| E|CS|TAMS 0x00000000b0700000, 0x00000000b0700000| Complete 
| 776|0x00000000b0800000, 0x00000000b0900000, 0x00000000b0900000|100%| E|CS|TAMS 0x00000000b0800000, 0x00000000b0800000| Complete 
| 777|0x00000000b0900000, 0x00000000b0a00000, 0x00000000b0a00000|100%| E|CS|TAMS 0x00000000b0900000, 0x00000000b0900000| Complete 
| 778|0x00000000b0a00000, 0x00000000b0b00000, 0x00000000b0b00000|100%| E|CS|TAMS 0x00000000b0a00000, 0x00000000b0a00000| Complete 
| 779|0x00000000b0b00000, 0x00000000b0c00000, 0x00000000b0c00000|100%| E|CS|TAMS 0x00000000b0b00000, 0x00000000b0b00000| Complete 
| 780|0x00000000b0c00000, 0x00000000b0d00000, 0x00000000b0d00000|100%| E|CS|TAMS 0x00000000b0c00000, 0x00000000b0c00000| Complete 
| 781|0x00000000b0d00000, 0x00000000b0e00000, 0x00000000b0e00000|100%| E|CS|TAMS 0x00000000b0d00000, 0x00000000b0d00000| Complete 
| 782|0x00000000b0e00000, 0x00000000b0f00000, 0x00000000b0f00000|100%| E|CS|TAMS 0x00000000b0e00000, 0x00000000b0e00000| Complete 
| 783|0x00000000b0f00000, 0x00000000b1000000, 0x00000000b1000000|100%| E|CS|TAMS 0x00000000b0f00000, 0x00000000b0f00000| Complete 
| 784|0x00000000b1000000, 0x00000000b1100000, 0x00000000b1100000|100%| E|CS|TAMS 0x00000000b1000000, 0x00000000b1000000| Complete 
| 785|0x00000000b1100000, 0x00000000b1200000, 0x00000000b1200000|100%| E|CS|TAMS 0x00000000b1100000, 0x00000000b1100000| Complete 
| 786|0x00000000b1200000, 0x00000000b1300000, 0x00000000b1300000|100%| E|CS|TAMS 0x00000000b1200000, 0x00000000b1200000| Complete 
| 787|0x00000000b1300000, 0x00000000b1400000, 0x00000000b1400000|100%| E|CS|TAMS 0x00000000b1300000, 0x00000000b1300000| Complete 
| 788|0x00000000b1400000, 0x00000000b1500000, 0x00000000b1500000|100%| E|CS|TAMS 0x00000000b1400000, 0x00000000b1400000| Complete 
| 789|0x00000000b1500000, 0x00000000b1600000, 0x00000000b1600000|100%| E|CS|TAMS 0x00000000b1500000, 0x00000000b1500000| Complete 
| 790|0x00000000b1600000, 0x00000000b1700000, 0x00000000b1700000|100%| E|CS|TAMS 0x00000000b1600000, 0x00000000b1600000| Complete 
| 791|0x00000000b1700000, 0x00000000b1800000, 0x00000000b1800000|100%| E|CS|TAMS 0x00000000b1700000, 0x00000000b1700000| Complete 
| 792|0x00000000b1800000, 0x00000000b1900000, 0x00000000b1900000|100%| E|CS|TAMS 0x00000000b1800000, 0x00000000b1800000| Complete 
| 793|0x00000000b1900000, 0x00000000b1a00000, 0x00000000b1a00000|100%| E|CS|TAMS 0x00000000b1900000, 0x00000000b1900000| Complete 
| 794|0x00000000b1a00000, 0x00000000b1b00000, 0x00000000b1b00000|100%| E|CS|TAMS 0x00000000b1a00000, 0x00000000b1a00000| Complete 
| 795|0x00000000b1b00000, 0x00000000b1c00000, 0x00000000b1c00000|100%| E|CS|TAMS 0x00000000b1b00000, 0x00000000b1b00000| Complete 
| 796|0x00000000b1c00000, 0x00000000b1d00000, 0x00000000b1d00000|100%| E|CS|TAMS 0x00000000b1c00000, 0x00000000b1c00000| Complete 
| 797|0x00000000b1d00000, 0x00000000b1e00000, 0x00000000b1e00000|100%| E|CS|TAMS 0x00000000b1d00000, 0x00000000b1d00000| Complete 
| 798|0x00000000b1e00000, 0x00000000b1f00000, 0x00000000b1f00000|100%| E|CS|TAMS 0x00000000b1e00000, 0x00000000b1e00000| Complete 
| 799|0x00000000b1f00000, 0x00000000b2000000, 0x00000000b2000000|100%| E|CS|TAMS 0x00000000b1f00000, 0x00000000b1f00000| Complete 
| 800|0x00000000b2000000, 0x00000000b2100000, 0x00000000b2100000|100%| E|CS|TAMS 0x00000000b2000000, 0x00000000b2000000| Complete 
| 801|0x00000000b2100000, 0x00000000b2200000, 0x00000000b2200000|100%| E|CS|TAMS 0x00000000b2100000, 0x00000000b2100000| Complete 
| 802|0x00000000b2200000, 0x00000000b2300000, 0x00000000b2300000|100%| E|CS|TAMS 0x00000000b2200000, 0x00000000b2200000| Complete 
| 803|0x00000000b2300000, 0x00000000b2400000, 0x00000000b2400000|100%| E|CS|TAMS 0x00000000b2300000, 0x00000000b2300000| Complete 
| 804|0x00000000b2400000, 0x00000000b2500000, 0x00000000b2500000|100%| E|CS|TAMS 0x00000000b2400000, 0x00000000b2400000| Complete 
| 805|0x00000000b2500000, 0x00000000b2600000, 0x00000000b2600000|100%| E|CS|TAMS 0x00000000b2500000, 0x00000000b2500000| Complete 
| 806|0x00000000b2600000, 0x00000000b2700000, 0x00000000b2700000|100%| E|CS|TAMS 0x00000000b2600000, 0x00000000b2600000| Complete 
| 807|0x00000000b2700000, 0x00000000b2800000, 0x00000000b2800000|100%| E|CS|TAMS 0x00000000b2700000, 0x00000000b2700000| Complete 
| 808|0x00000000b2800000, 0x00000000b2900000, 0x00000000b2900000|100%| E|CS|TAMS 0x00000000b2800000, 0x00000000b2800000| Complete 
| 809|0x00000000b2900000, 0x00000000b2a00000, 0x00000000b2a00000|100%| E|CS|TAMS 0x00000000b2900000, 0x00000000b2900000| Complete 
| 810|0x00000000b2a00000, 0x00000000b2b00000, 0x00000000b2b00000|100%| E|CS|TAMS 0x00000000b2a00000, 0x00000000b2a00000| Complete 
| 811|0x00000000b2b00000, 0x00000000b2c00000, 0x00000000b2c00000|100%| E|CS|TAMS 0x00000000b2b00000, 0x00000000b2b00000| Complete 
| 812|0x00000000b2c00000, 0x00000000b2d00000, 0x00000000b2d00000|100%| E|CS|TAMS 0x00000000b2c00000, 0x00000000b2c00000| Complete 
| 813|0x00000000b2d00000, 0x00000000b2e00000, 0x00000000b2e00000|100%| E|CS|TAMS 0x00000000b2d00000, 0x00000000b2d00000| Complete 
| 814|0x00000000b2e00000, 0x00000000b2f00000, 0x00000000b2f00000|100%| E|CS|TAMS 0x00000000b2e00000, 0x00000000b2e00000| Complete 
| 815|0x00000000b2f00000, 0x00000000b3000000, 0x00000000b3000000|100%| E|CS|TAMS 0x00000000b2f00000, 0x00000000b2f00000| Complete 
| 816|0x00000000b3000000, 0x00000000b3100000, 0x00000000b3100000|100%| E|CS|TAMS 0x00000000b3000000, 0x00000000b3000000| Complete 
| 817|0x00000000b3100000, 0x00000000b3200000, 0x00000000b3200000|100%| E|CS|TAMS 0x00000000b3100000, 0x00000000b3100000| Complete 
| 818|0x00000000b3200000, 0x00000000b3300000, 0x00000000b3300000|100%| E|CS|TAMS 0x00000000b3200000, 0x00000000b3200000| Complete 
| 819|0x00000000b3300000, 0x00000000b3400000, 0x00000000b3400000|100%| E|CS|TAMS 0x00000000b3300000, 0x00000000b3300000| Complete 
| 820|0x00000000b3400000, 0x00000000b3500000, 0x00000000b3500000|100%| E|CS|TAMS 0x00000000b3400000, 0x00000000b3400000| Complete 
| 821|0x00000000b3500000, 0x00000000b3600000, 0x00000000b3600000|100%| E|CS|TAMS 0x00000000b3500000, 0x00000000b3500000| Complete 
| 822|0x00000000b3600000, 0x00000000b3700000, 0x00000000b3700000|100%| E|CS|TAMS 0x00000000b3600000, 0x00000000b3600000| Complete 
| 823|0x00000000b3700000, 0x00000000b3800000, 0x00000000b3800000|100%| E|CS|TAMS 0x00000000b3700000, 0x00000000b3700000| Complete 
| 824|0x00000000b3800000, 0x00000000b3900000, 0x00000000b3900000|100%| E|CS|TAMS 0x00000000b3800000, 0x00000000b3800000| Complete 
| 825|0x00000000b3900000, 0x00000000b3a00000, 0x00000000b3a00000|100%| E|CS|TAMS 0x00000000b3900000, 0x00000000b3900000| Complete 
| 826|0x00000000b3a00000, 0x00000000b3b00000, 0x00000000b3b00000|100%| E|CS|TAMS 0x00000000b3a00000, 0x00000000b3a00000| Complete 
| 827|0x00000000b3b00000, 0x00000000b3c00000, 0x00000000b3c00000|100%| E|CS|TAMS 0x00000000b3b00000, 0x00000000b3b00000| Complete 
| 828|0x00000000b3c00000, 0x00000000b3d00000, 0x00000000b3d00000|100%| E|CS|TAMS 0x00000000b3c00000, 0x00000000b3c00000| Complete 
| 829|0x00000000b3d00000, 0x00000000b3e00000, 0x00000000b3e00000|100%| E|CS|TAMS 0x00000000b3d00000, 0x00000000b3d00000| Complete 
| 830|0x00000000b3e00000, 0x00000000b3f00000, 0x00000000b3f00000|100%| E|CS|TAMS 0x00000000b3e00000, 0x00000000b3e00000| Complete 
| 831|0x00000000b3f00000, 0x00000000b4000000, 0x00000000b4000000|100%| E|CS|TAMS 0x00000000b3f00000, 0x00000000b3f00000| Complete 
| 832|0x00000000b4000000, 0x00000000b4100000, 0x00000000b4100000|100%| E|CS|TAMS 0x00000000b4000000, 0x00000000b4000000| Complete 
| 833|0x00000000b4100000, 0x00000000b4200000, 0x00000000b4200000|100%| E|CS|TAMS 0x00000000b4100000, 0x00000000b4100000| Complete 
| 834|0x00000000b4200000, 0x00000000b4300000, 0x00000000b4300000|100%| E|CS|TAMS 0x00000000b4200000, 0x00000000b4200000| Complete 
| 835|0x00000000b4300000, 0x00000000b4400000, 0x00000000b4400000|100%| E|CS|TAMS 0x00000000b4300000, 0x00000000b4300000| Complete 
| 836|0x00000000b4400000, 0x00000000b4500000, 0x00000000b4500000|100%| E|CS|TAMS 0x00000000b4400000, 0x00000000b4400000| Complete 
| 837|0x00000000b4500000, 0x00000000b4600000, 0x00000000b4600000|100%| E|CS|TAMS 0x00000000b4500000, 0x00000000b4500000| Complete 
|2012|0x00000000fdc00000, 0x00000000fdd00000, 0x00000000fdd00000|100%| O|  |TAMS 0x00000000fdc00000, 0x00000000fdc00000| Untracked 
|2013|0x00000000fdd00000, 0x00000000fde00000, 0x00000000fde00000|100%| O|  |TAMS 0x00000000fdd00000, 0x00000000fdd00000| Untracked 
|2014|0x00000000fde00000, 0x00000000fdf00000, 0x00000000fdf00000|100%| O|  |TAMS 0x00000000fde00000, 0x00000000fde00000| Untracked 
|2015|0x00000000fdf00000, 0x00000000fe000000, 0x00000000fe000000|100%| O|  |TAMS 0x00000000fdf00000, 0x00000000fdf00000| Untracked 
|2016|0x00000000fe000000, 0x00000000fe100000, 0x00000000fe100000|100%| O|  |TAMS 0x00000000fe000000, 0x00000000fe000000| Untracked 
|2017|0x00000000fe100000, 0x00000000fe200000, 0x00000000fe200000|100%| O|  |TAMS 0x00000000fe100000, 0x00000000fe100000| Untracked 
|2018|0x00000000fe200000, 0x00000000fe300000, 0x00000000fe300000|100%| O|  |TAMS 0x00000000fe200000, 0x00000000fe200000| Untracked 
|2019|0x00000000fe300000, 0x00000000fe400000, 0x00000000fe400000|100%| O|  |TAMS 0x00000000fe300000, 0x00000000fe300000| Untracked 
|2020|0x00000000fe400000, 0x00000000fe500000, 0x00000000fe500000|100%| O|  |TAMS 0x00000000fe400000, 0x00000000fe400000| Untracked 
|2021|0x00000000fe500000, 0x00000000fe600000, 0x00000000fe600000|100%| O|  |TAMS 0x00000000fe500000, 0x00000000fe500000| Untracked 
|2022|0x00000000fe600000, 0x00000000fe700000, 0x00000000fe700000|100%| O|  |TAMS 0x00000000fe600000, 0x00000000fe600000| Untracked 
|2023|0x00000000fe700000, 0x00000000fe800000, 0x00000000fe800000|100%| O|  |TAMS 0x00000000fe700000, 0x00000000fe700000| Untracked 
|2024|0x00000000fe800000, 0x00000000fe900000, 0x00000000fe900000|100%| O|  |TAMS 0x00000000fe800000, 0x00000000fe800000| Untracked 
|2025|0x00000000fe900000, 0x00000000fea00000, 0x00000000fea00000|100%| O|  |TAMS 0x00000000fe900000, 0x00000000fe900000| Untracked 
|2026|0x00000000fea00000, 0x00000000feb00000, 0x00000000feb00000|100%| O|  |TAMS 0x00000000fea00000, 0x00000000fea00000| Untracked 
|2027|0x00000000feb00000, 0x00000000fec00000, 0x00000000fec00000|100%| O|  |TAMS 0x00000000feb00000, 0x00000000feb00000| Untracked 
|2028|0x00000000fec00000, 0x00000000fed00000, 0x00000000fed00000|100%| O|  |TAMS 0x00000000fec00000, 0x00000000fec00000| Untracked 
|2029|0x00000000fed00000, 0x00000000fee00000, 0x00000000fee00000|100%| O|  |TAMS 0x00000000fed00000, 0x00000000fed00000| Untracked 
|2030|0x00000000fee00000, 0x00000000fef00000, 0x00000000fef00000|100%| O|  |TAMS 0x00000000fee00000, 0x00000000fee00000| Untracked 
|2031|0x00000000fef00000, 0x00000000ff000000, 0x00000000ff000000|100%| O|  |TAMS 0x00000000fef00000, 0x00000000fef00000| Untracked 
|2032|0x00000000ff000000, 0x00000000ff100000, 0x00000000ff100000|100%| O|  |TAMS 0x00000000ff000000, 0x00000000ff000000| Untracked 
|2033|0x00000000ff100000, 0x00000000ff200000, 0x00000000ff200000|100%| O|  |TAMS 0x00000000ff100000, 0x00000000ff100000| Untracked 
|2034|0x00000000ff200000, 0x00000000ff300000, 0x00000000ff300000|100%| O|  |TAMS 0x00000000ff200000, 0x00000000ff200000| Untracked 
|2035|0x00000000ff300000, 0x00000000ff400000, 0x00000000ff400000|100%| O|  |TAMS 0x00000000ff300000, 0x00000000ff300000| Untracked 
|2036|0x00000000ff400000, 0x00000000ff500000, 0x00000000ff500000|100%| O|  |TAMS 0x00000000ff400000, 0x00000000ff400000| Untracked 
|2037|0x00000000ff500000, 0x00000000ff600000, 0x00000000ff600000|100%| O|  |TAMS 0x00000000ff500000, 0x00000000ff500000| Untracked 
|2038|0x00000000ff600000, 0x00000000ff700000, 0x00000000ff700000|100%| O|  |TAMS 0x00000000ff600000, 0x00000000ff600000| Untracked 
|2039|0x00000000ff700000, 0x00000000ff800000, 0x00000000ff800000|100%| O|  |TAMS 0x00000000ff700000, 0x00000000ff700000| Untracked 
|2040|0x00000000ff800000, 0x00000000ff900000, 0x00000000ff900000|100%| O|  |TAMS 0x00000000ff800000, 0x00000000ff800000| Untracked 
|2041|0x00000000ff900000, 0x00000000ffa00000, 0x00000000ffa00000|100%| O|  |TAMS 0x00000000ff900000, 0x00000000ff900000| Untracked 
|2042|0x00000000ffa00000, 0x00000000ffb00000, 0x00000000ffb00000|100%| O|  |TAMS 0x00000000ffa00000, 0x00000000ffa00000| Untracked 
|2043|0x00000000ffb00000, 0x00000000ffc00000, 0x00000000ffc00000|100%| O|  |TAMS 0x00000000ffb00000, 0x00000000ffb00000| Untracked 
|2044|0x00000000ffc00000, 0x00000000ffd00000, 0x00000000ffd00000|100%| O|  |TAMS 0x00000000ffc00000, 0x00000000ffc00000| Untracked 
|2045|0x00000000ffd00000, 0x00000000ffe00000, 0x00000000ffe00000|100%| E|CS|TAMS 0x00000000ffd00000, 0x00000000ffd00000| Complete 
|2046|0x00000000ffe00000, 0x00000000fff00000, 0x00000000fff00000|100%| E|CS|TAMS 0x00000000ffe00000, 0x00000000ffe00000| Complete 
|2047|0x00000000fff00000, 0x0000000100000000, 0x0000000100000000|100%| O|  |TAMS 0x0000000100000000, 0x00000000fff00000| Untracked 

Card table byte_map: [0x0000018b337b0000,0x0000018b33bb0000] _byte_map_base: 0x0000018b333b0000

Marking Bits (Prev, Next): (CMBitMap*) 0x0000018b1984dff0, (CMBitMap*) 0x0000018b1984dfb0
 Prev Bits: [0x0000018b35fb0000, 0x0000018b37fb0000)
 Next Bits: [0x0000018b33fb0000, 0x0000018b35fb0000)

Polling page: 0x0000018b19d20000

Metaspace:

Usage:
  Non-class:    128.25 MB used.
      Class:     19.93 MB used.
       Both:    148.18 MB used.

Virtual space:
  Non-class space:      192.00 MB reserved,     128.75 MB ( 67%) committed,  3 nodes.
      Class space:        1.00 GB reserved,      20.44 MB (  2%) committed,  1 nodes.
             Both:        1.19 GB reserved,     149.19 MB ( 12%) committed. 

Chunk freelists:
   Non-Class:  14.57 MB
       Class:  11.52 MB
        Both:  26.09 MB

MaxMetaspaceSize: unlimited
CompressedClassSpaceSize: 1.00 GB
Initial GC threshold: 21.00 MB
Current GC threshold: 218.12 MB
CDS: on
MetaspaceReclaimPolicy: balanced
 - commit_granule_bytes: 65536.
 - commit_granule_words: 8192.
 - virtual_space_node_default_size: 8388608.
 - enlarge_chunks_in_place: 1.
 - new_chunks_are_fully_committed: 0.
 - uncommit_free_chunks: 1.
 - use_allocation_guard: 0.
 - handle_deallocations: 1.


Internal statistics:

num_allocs_failed_limit: 9.
num_arena_births: 1768.
num_arena_deaths: 98.
num_vsnodes_births: 4.
num_vsnodes_deaths: 0.
num_space_committed: 2385.
num_space_uncommitted: 0.
num_chunks_returned_to_freelist: 145.
num_chunks_taken_from_freelist: 8025.
num_chunk_merges: 58.
num_chunk_splits: 5325.
num_chunks_enlarged: 3631.
num_inconsistent_stats: 0.

CodeHeap 'non-profiled nmethods': size=119168Kb used=23231Kb max_used=23835Kb free=95936Kb
 bounds [0x0000018b2b390000, 0x0000018b2cae0000, 0x0000018b327f0000]
CodeHeap 'profiled nmethods': size=119104Kb used=52125Kb max_used=52125Kb free=66978Kb
 bounds [0x0000018b237f0000, 0x0000018b26ae0000, 0x0000018b2ac40000]
CodeHeap 'non-nmethods': size=7488Kb used=4216Kb max_used=4317Kb free=3271Kb
 bounds [0x0000018b2ac40000, 0x0000018b2b090000, 0x0000018b2b390000]
 total_blobs=28090 nmethods=27017 adapters=981
 compilation: enabled
              stopped_count=0, restarted_count=0
 full_count=0

Compilation events (20 events):
Event: 149.361 Thread 0x0000018b0e5da710 nmethod 35942 0x0000018b26aaf210 code [0x0000018b26aaf4c0, 0x0000018b26aaffe8]
Event: 149.361 Thread 0x0000018b0e5da710 35903       1       org.jetbrains.kotlin.gradle.internal.kapt.incremental.ClasspathEntryData::getClassAbiHash (5 bytes)
Event: 149.362 Thread 0x0000018b0e5da710 nmethod 35903 0x0000018b2c3b1a90 code [0x0000018b2c3b1c20, 0x0000018b2c3b1cf8]
Event: 149.363 Thread 0x0000018b0e5da710 35971       2       org.jetbrains.kotlin.gradle.internal.kapt.incremental.ClassAbiExtractor::visitAnnotation (24 bytes)
Event: 149.363 Thread 0x0000018b3b1a8890 nmethod 35970 0x0000018b26ab0390 code [0x0000018b26ab05c0, 0x0000018b26ab0af8]
Event: 149.364 Thread 0x0000018b3b1a8890 35941       3       org.jetbrains.kotlin.gradle.internal.kapt.incremental.ClassAbiExtractor::<init> (34 bytes)
Event: 149.364 Thread 0x0000018b0e5da710 nmethod 35971 0x0000018b26ab4090 code [0x0000018b26ab4260, 0x0000018b26ab4498]
Event: 149.364 Thread 0x0000018b0e5da710 35980       2       kotlin.collections.ArraysKt___ArraysJvmKt::sort (17 bytes)
Event: 149.365 Thread 0x0000018b0e5d91d0 nmethod 35943 0x0000018b26ab0e90 code [0x0000018b26ab1300, 0x0000018b26ab3498]
Event: 149.366 Thread 0x0000018b0e5dac60 nmethod 35944 0x0000018b26ab4610 code [0x0000018b26ab4a40, 0x0000018b26ab66d8]
Event: 149.366 Thread 0x0000018b0e5da710 nmethod 35980 0x0000018b26ab7090 code [0x0000018b26ab7280, 0x0000018b26ab7528]
Event: 149.366 Thread 0x0000018b3b1a8890 nmethod 35941 0x0000018b26ab7710 code [0x0000018b26ab7960, 0x0000018b26ab8208]
Event: 149.397 Thread 0x0000018b0e5dac60 35999       2       org.jetbrains.kotlin.gradle.internal.kapt.incremental.AnnotationTypeExtractorVisitor::visitEnum (42 bytes)
Event: 149.397 Thread 0x0000018b0e5da710 36000       2       org.jetbrains.org.objectweb.asm.AnnotationVisitor::visitEnum (18 bytes)
Event: 149.403 Thread 0x0000018b0e5da710 nmethod 36000 0x0000018b26ab8510 code [0x0000018b26ab86c0, 0x0000018b26ab87e8]
Event: 149.403 Thread 0x0000018b0e5dac60 nmethod 35999 0x0000018b26ab8890 code [0x0000018b26ab8a60, 0x0000018b26ab8cc8]
Event: 149.431 Thread 0x0000018b0e5da710 36006       2       org.jetbrains.org.objectweb.asm.ClassWriter::visitOuterClass (37 bytes)
Event: 149.432 Thread 0x0000018b0e5da710 nmethod 36006 0x0000018b26ab8f10 code [0x0000018b26ab90c0, 0x0000018b26ab9278]
Event: 149.564 Thread 0x0000018b0e5dac60 36009       3       org.jetbrains.kotlin.gradle.internal.kapt.incremental.ClassTypeExtractorVisitor::getPrivateTypes (148 bytes)
Event: 149.570 Thread 0x0000018b0e5dac60 nmethod 36009 0x0000018b26ab9410 code [0x0000018b26ab97c0, 0x0000018b26abb218]

GC Heap History (20 events):
Event: 105.902 GC heap before
{Heap before GC invocations=116 (full 0):
 garbage-first heap   total 894976K, used 742667K [0x0000000080000000, 0x0000000100000000)
  region size 1024K, 195 young (199680K), 16 survivors (16384K)
 Metaspace       used 144443K, committed 145472K, reserved 1179648K
  class space    used 19612K, committed 20096K, reserved 1048576K
}
Event: 105.909 GC heap after
{Heap after GC invocations=117 (full 0):
 garbage-first heap   total 894976K, used 561409K [0x0000000080000000, 0x0000000100000000)
  region size 1024K, 3 young (3072K), 3 survivors (3072K)
 Metaspace       used 144443K, committed 145472K, reserved 1179648K
  class space    used 19612K, committed 20096K, reserved 1048576K
}
Event: 106.410 GC heap before
{Heap before GC invocations=117 (full 0):
 garbage-first heap   total 894976K, used 752897K [0x0000000080000000, 0x0000000100000000)
  region size 1024K, 191 young (195584K), 3 survivors (3072K)
 Metaspace       used 145968K, committed 146944K, reserved 1179648K
  class space    used 19752K, committed 20224K, reserved 1048576K
}
Event: 106.415 GC heap after
{Heap after GC invocations=118 (full 0):
 garbage-first heap   total 894976K, used 565212K [0x0000000080000000, 0x0000000100000000)
  region size 1024K, 7 young (7168K), 7 survivors (7168K)
 Metaspace       used 145968K, committed 146944K, reserved 1179648K
  class space    used 19752K, committed 20224K, reserved 1048576K
}
Event: 106.948 GC heap before
{Heap before GC invocations=118 (full 0):
 garbage-first heap   total 894976K, used 758748K [0x0000000080000000, 0x0000000100000000)
  region size 1024K, 197 young (201728K), 7 survivors (7168K)
 Metaspace       used 147173K, committed 148160K, reserved 1179648K
  class space    used 19872K, committed 20352K, reserved 1048576K
}
Event: 106.954 GC heap after
{Heap after GC invocations=119 (full 0):
 garbage-first heap   total 894976K, used 563373K [0x0000000080000000, 0x0000000100000000)
  region size 1024K, 5 young (5120K), 5 survivors (5120K)
 Metaspace       used 147173K, committed 148160K, reserved 1179648K
  class space    used 19872K, committed 20352K, reserved 1048576K
}
Event: 107.284 GC heap before
{Heap before GC invocations=119 (full 0):
 garbage-first heap   total 894976K, used 768173K [0x0000000080000000, 0x0000000100000000)
  region size 1024K, 204 young (208896K), 5 survivors (5120K)
 Metaspace       used 147578K, committed 148608K, reserved 1179648K
  class space    used 19892K, committed 20352K, reserved 1048576K
}
Event: 107.290 GC heap after
{Heap after GC invocations=120 (full 0):
 garbage-first heap   total 894976K, used 567665K [0x0000000080000000, 0x0000000100000000)
  region size 1024K, 7 young (7168K), 7 survivors (7168K)
 Metaspace       used 147578K, committed 148608K, reserved 1179648K
  class space    used 19892K, committed 20352K, reserved 1048576K
}
Event: 107.556 GC heap before
{Heap before GC invocations=120 (full 0):
 garbage-first heap   total 894976K, used 772465K [0x0000000080000000, 0x0000000100000000)
  region size 1024K, 206 young (210944K), 7 survivors (7168K)
 Metaspace       used 147649K, committed 148672K, reserved 1179648K
  class space    used 19892K, committed 20352K, reserved 1048576K
}
Event: 107.562 GC heap after
{Heap after GC invocations=121 (full 0):
 garbage-first heap   total 894976K, used 568198K [0x0000000080000000, 0x0000000100000000)
  region size 1024K, 8 young (8192K), 8 survivors (8192K)
 Metaspace       used 147649K, committed 148672K, reserved 1179648K
  class space    used 19892K, committed 20352K, reserved 1048576K
}
Event: 107.892 GC heap before
{Heap before GC invocations=121 (full 0):
 garbage-first heap   total 894976K, used 777094K [0x0000000080000000, 0x0000000100000000)
  region size 1024K, 212 young (217088K), 8 survivors (8192K)
 Metaspace       used 147659K, committed 148672K, reserved 1179648K
  class space    used 19892K, committed 20352K, reserved 1048576K
}
Event: 107.898 GC heap after
{Heap after GC invocations=122 (full 0):
 garbage-first heap   total 894976K, used 568882K [0x0000000080000000, 0x0000000100000000)
  region size 1024K, 8 young (8192K), 8 survivors (8192K)
 Metaspace       used 147659K, committed 148672K, reserved 1179648K
  class space    used 19892K, committed 20352K, reserved 1048576K
}
Event: 110.886 GC heap before
{Heap before GC invocations=122 (full 0):
 garbage-first heap   total 894976K, used 780850K [0x0000000080000000, 0x0000000100000000)
  region size 1024K, 216 young (221184K), 8 survivors (8192K)
 Metaspace       used 147700K, committed 148672K, reserved 1179648K
  class space    used 19893K, committed 20352K, reserved 1048576K
}
Event: 110.892 GC heap after
{Heap after GC invocations=123 (full 0):
 garbage-first heap   total 894976K, used 562641K [0x0000000080000000, 0x0000000100000000)
  region size 1024K, 4 young (4096K), 4 survivors (4096K)
 Metaspace       used 147700K, committed 148672K, reserved 1179648K
  class space    used 19893K, committed 20352K, reserved 1048576K
}
Event: 113.056 GC heap before
{Heap before GC invocations=123 (full 0):
 garbage-first heap   total 894976K, used 784849K [0x0000000080000000, 0x0000000100000000)
  region size 1024K, 221 young (226304K), 4 survivors (4096K)
 Metaspace       used 147700K, committed 148672K, reserved 1179648K
  class space    used 19893K, committed 20352K, reserved 1048576K
}
Event: 113.062 GC heap after
{Heap after GC invocations=124 (full 0):
 garbage-first heap   total 894976K, used 564733K [0x0000000080000000, 0x0000000100000000)
  region size 1024K, 6 young (6144K), 6 survivors (6144K)
 Metaspace       used 147700K, committed 148672K, reserved 1179648K
  class space    used 19893K, committed 20352K, reserved 1048576K
}
Event: 114.477 GC heap before
{Heap before GC invocations=124 (full 0):
 garbage-first heap   total 894976K, used 787965K [0x0000000080000000, 0x0000000100000000)
  region size 1024K, 223 young (228352K), 6 survivors (6144K)
 Metaspace       used 148454K, committed 149440K, reserved 1179648K
  class space    used 19983K, committed 20480K, reserved 1048576K
}
Event: 114.485 GC heap after
{Heap after GC invocations=125 (full 0):
 garbage-first heap   total 894976K, used 561973K [0x0000000080000000, 0x0000000100000000)
  region size 1024K, 4 young (4096K), 4 survivors (4096K)
 Metaspace       used 148454K, committed 149440K, reserved 1179648K
  class space    used 19983K, committed 20480K, reserved 1048576K
}
Event: 149.487 GC heap before
{Heap before GC invocations=125 (full 0):
 garbage-first heap   total 894976K, used 788277K [0x0000000080000000, 0x0000000100000000)
  region size 1024K, 226 young (231424K), 4 survivors (4096K)
 Metaspace       used 151720K, committed 152768K, reserved 1245184K
  class space    used 20410K, committed 20928K, reserved 1048576K
}
Event: 149.504 GC heap after
{Heap after GC invocations=126 (full 0):
 garbage-first heap   total 894976K, used 565979K [0x0000000080000000, 0x0000000100000000)
  region size 1024K, 8 young (8192K), 8 survivors (8192K)
 Metaspace       used 151720K, committed 152768K, reserved 1245184K
  class space    used 20410K, committed 20928K, reserved 1048576K
}

Dll operation events (17 events):
Event: 0.009 Loaded shared library C:\Users\ACER\.jdks\ms-17.0.18\bin\java.dll
Event: 0.024 Loaded shared library C:\Users\ACER\.jdks\ms-17.0.18\bin\jsvml.dll
Event: 0.079 Loaded shared library C:\Users\ACER\.jdks\ms-17.0.18\bin\zip.dll
Event: 0.082 Loaded shared library C:\Users\ACER\.jdks\ms-17.0.18\bin\instrument.dll
Event: 0.086 Loaded shared library C:\Users\ACER\.jdks\ms-17.0.18\bin\net.dll
Event: 0.087 Loaded shared library C:\Users\ACER\.jdks\ms-17.0.18\bin\nio.dll
Event: 0.091 Loaded shared library C:\Users\ACER\.jdks\ms-17.0.18\bin\zip.dll
Event: 0.249 Loaded shared library C:\Users\ACER\.jdks\ms-17.0.18\bin\jimage.dll
Event: 0.324 Loaded shared library C:\Users\ACER\.jdks\ms-17.0.18\bin\verify.dll
Event: 0.554 Loaded shared library C:\Users\ACER\.gradle\native\c067742578af261105cb4f569cf0c3c89f3d7b1fecec35dd04571415982c5e48\windows-amd64\native-platform.dll
Event: 0.563 Loaded shared library C:\Users\ACER\.gradle\native\38dada09dfb8b06ba9b0570ebf7e218e3eb74d4ef43ca46872605cf95ebc2f47\windows-amd64\native-platform-file-events.dll
Event: 1.594 Loaded shared library C:\Users\ACER\.jdks\ms-17.0.18\bin\management.dll
Event: 1.597 Loaded shared library C:\Users\ACER\.jdks\ms-17.0.18\bin\management_ext.dll
Event: 1.843 Loaded shared library C:\Users\ACER\.jdks\ms-17.0.18\bin\extnet.dll
Event: 2.136 Loaded shared library C:\Users\ACER\.jdks\ms-17.0.18\bin\sunmscapi.dll
Event: 115.695 Loaded shared library C:\Users\ACER\AppData\Local\Temp\native-platform10452543513868555732dir\native-platform.dll
Event: 116.700 Loaded shared library C:\Users\ACER\.jdks\ms-17.0.18\bin\rmi.dll

Deoptimization events (20 events):
Event: 149.286 Thread 0x0000018b099157b0 Uncommon trap: reason=unstable_if action=reinterpret pc=0x0000018b2bcb7680 method=java.io.ObjectOutputStream$BlockDataOutputStream.writeShort(I)V @ 9 c2
Event: 149.287 Thread 0x0000018b09912a20 Uncommon trap: reason=unstable_if action=reinterpret pc=0x0000018b2bcb7680 method=java.io.ObjectOutputStream$BlockDataOutputStream.writeShort(I)V @ 9 c2
Event: 149.292 Thread 0x0000018b07890b10 DEOPT PACKING pc=0x0000018b2bcb7680 sp=0x000000547e8fb030
Event: 149.292 Thread 0x0000018b099157b0 DEOPT PACKING pc=0x0000018b2bcb7680 sp=0x000000547c7fab50
Event: 149.292 Thread 0x0000018b099157b0 DEOPT UNPACKING pc=0x0000018b2ac969a3 sp=0x000000547c7faaf8 mode 2
Event: 149.293 Thread 0x0000018b07890b10 DEOPT UNPACKING pc=0x0000018b2ac969a3 sp=0x000000547e8fafd8 mode 2
Event: 149.294 Thread 0x0000018b09912a20 DEOPT PACKING pc=0x0000018b2bcb7680 sp=0x000000547d2fafc0
Event: 149.294 Thread 0x0000018b09912a20 DEOPT UNPACKING pc=0x0000018b2ac969a3 sp=0x000000547d2faf68 mode 2
Event: 149.315 Thread 0x0000018b078938a0 DEOPT PACKING pc=0x0000018b26980dac sp=0x000000547e0fbd50
Event: 149.315 Thread 0x0000018b078938a0 DEOPT UNPACKING pc=0x0000018b2ac97143 sp=0x000000547e0fb2b0 mode 0
Event: 149.340 Thread 0x0000018b09918a50 DEOPT PACKING pc=0x0000018b26980dac sp=0x000000547d7fba60
Event: 149.340 Thread 0x0000018b09918a50 DEOPT UNPACKING pc=0x0000018b2ac97143 sp=0x000000547d7fafc0 mode 0
Event: 149.348 Thread 0x0000018b099161d0 DEOPT PACKING pc=0x0000018b26980dac sp=0x000000547d1fba30
Event: 149.348 Thread 0x0000018b099161d0 DEOPT UNPACKING pc=0x0000018b2ac97143 sp=0x000000547d1faf90 mode 0
Event: 149.396 Thread 0x0000018b078900f0 DEOPT PACKING pc=0x0000018b26980dac sp=0x000000547e5fbd60
Event: 149.396 Thread 0x0000018b078900f0 DEOPT UNPACKING pc=0x0000018b2ac97143 sp=0x000000547e5fb2c0 mode 0
Event: 149.507 Thread 0x0000018b09917610 DEOPT PACKING pc=0x0000018b26980dac sp=0x000000547d6fc180
Event: 149.507 Thread 0x0000018b09917610 DEOPT UNPACKING pc=0x0000018b2ac97143 sp=0x000000547d6fb6e0 mode 0
Event: 149.551 Thread 0x0000018b07890b10 DEOPT PACKING pc=0x0000018b26980dac sp=0x000000547e8fc170
Event: 149.551 Thread 0x0000018b07890b10 DEOPT UNPACKING pc=0x0000018b2ac97143 sp=0x000000547e8fb6d0 mode 0

Classes loaded (20 events):
Event: 116.798 Loading class java/rmi/server/ServerNotActiveException
Event: 116.799 Loading class java/rmi/server/ServerNotActiveException done
Event: 116.803 Loading class sun/rmi/transport/DGCAckHandler
Event: 116.803 Loading class sun/rmi/transport/DGCAckHandler done
Event: 116.810 Loading class sun/rmi/transport/DGCAckHandler$1
Event: 116.810 Loading class sun/rmi/transport/DGCAckHandler$1 done
Event: 116.864 Loading class sun/rmi/transport/tcp/TCPTransport$ConnectionHandler
Event: 116.865 Loading class sun/rmi/transport/tcp/TCPTransport$ConnectionHandler done
Event: 116.869 Loading class sun/rmi/transport/Transport$1
Event: 116.869 Loading class sun/rmi/transport/Transport$1 done
Event: 116.871 Loading class sun/rmi/transport/DGCImpl$LeaseInfo
Event: 116.871 Loading class sun/rmi/transport/DGCImpl$LeaseInfo done
Event: 116.871 Loading class sun/rmi/transport/DGCImpl$1
Event: 116.871 Loading class sun/rmi/transport/DGCImpl$1 done
Event: 116.871 Loading class sun/rmi/transport/SequenceEntry
Event: 116.872 Loading class sun/rmi/transport/SequenceEntry done
Event: 149.035 Loading class jdk/internal/reflect/UnsafeQualifiedStaticIntegerFieldAccessorImpl
Event: 149.037 Loading class jdk/internal/reflect/UnsafeQualifiedStaticIntegerFieldAccessorImpl done
Event: 149.518 Loading class sun/rmi/transport/DGCClient$EndpointEntry$CleanRequest
Event: 149.518 Loading class sun/rmi/transport/DGCClient$EndpointEntry$CleanRequest done

Classes unloaded (20 events):
Event: 73.215 Thread 0x0000018b3b17f300 Unloading class 0x0000018b3dd71000 'java/lang/invoke/LambdaForm$DMH+0x0000018b3dd71000'
Event: 73.215 Thread 0x0000018b3b17f300 Unloading class 0x0000018b3dd70c00 'java/lang/invoke/LambdaForm$DMH+0x0000018b3dd70c00'
Event: 73.215 Thread 0x0000018b3b17f300 Unloading class 0x0000018b3dd70400 'java/lang/invoke/LambdaForm$DMH+0x0000018b3dd70400'
Event: 73.215 Thread 0x0000018b3b17f300 Unloading class 0x0000018b3dd70800 'java/lang/invoke/LambdaForm$DMH+0x0000018b3dd70800'
Event: 73.215 Thread 0x0000018b3b17f300 Unloading class 0x0000018b3dd6f800 'java/lang/invoke/LambdaForm$DMH+0x0000018b3dd6f800'
Event: 73.215 Thread 0x0000018b3b17f300 Unloading class 0x0000018b3dd6fc00 'java/lang/invoke/LambdaForm$DMH+0x0000018b3dd6fc00'
Event: 73.215 Thread 0x0000018b3b17f300 Unloading class 0x0000018b3dd70000 'java/lang/invoke/LambdaForm$DMH+0x0000018b3dd70000'
Event: 73.215 Thread 0x0000018b3b17f300 Unloading class 0x0000018b3dd6f400 'java/lang/invoke/LambdaForm$DMH+0x0000018b3dd6f400'
Event: 73.215 Thread 0x0000018b3b17f300 Unloading class 0x0000018b3dd6f000 'java/lang/invoke/LambdaForm$DMH+0x0000018b3dd6f000'
Event: 73.215 Thread 0x0000018b3b17f300 Unloading class 0x0000018b3dd6ec00 'java/lang/invoke/LambdaForm$DMH+0x0000018b3dd6ec00'
Event: 73.215 Thread 0x0000018b3b17f300 Unloading class 0x0000018b3dd6e800 'java/lang/invoke/LambdaForm$DMH+0x0000018b3dd6e800'
Event: 73.215 Thread 0x0000018b3b17f300 Unloading class 0x0000018b3dd6e000 'java/lang/invoke/LambdaForm$DMH+0x0000018b3dd6e000'
Event: 73.215 Thread 0x0000018b3b17f300 Unloading class 0x0000018b3dd6e400 'java/lang/invoke/LambdaForm$DMH+0x0000018b3dd6e400'
Event: 73.215 Thread 0x0000018b3b17f300 Unloading class 0x0000018b3dd6d800 'java/lang/invoke/LambdaForm$DMH+0x0000018b3dd6d800'
Event: 73.215 Thread 0x0000018b3b17f300 Unloading class 0x0000018b3dd6dc00 'java/lang/invoke/LambdaForm$DMH+0x0000018b3dd6dc00'
Event: 73.215 Thread 0x0000018b3b17f300 Unloading class 0x0000018b3dd6d400 'java/lang/invoke/LambdaForm$DMH+0x0000018b3dd6d400'
Event: 73.215 Thread 0x0000018b3b17f300 Unloading class 0x0000018b3dd6d000 'java/lang/invoke/LambdaForm$DMH+0x0000018b3dd6d000'
Event: 73.215 Thread 0x0000018b3b17f300 Unloading class 0x0000018b3dd6cc00 'java/lang/invoke/LambdaForm$DMH+0x0000018b3dd6cc00'
Event: 73.215 Thread 0x0000018b3b17f300 Unloading class 0x0000018b3dd6c400 'java/lang/invoke/LambdaForm$DMH+0x0000018b3dd6c400'
Event: 73.215 Thread 0x0000018b3b17f300 Unloading class 0x0000018b3dd6c800 'java/lang/invoke/LambdaForm$DMH+0x0000018b3dd6c800'

Classes redefined (0 events):
No events

Internal exceptions (20 events):
Event: 148.823 Thread 0x0000018b080f6ad0 Exception <a 'sun/nio/fs/WindowsException'{0x00000000b22d0ed0}> (0x00000000b22d0ed0) 
thrown [s\src\hotspot\share\prims\jni.cpp, line 516]
Event: 148.837 Thread 0x0000018b080f6ad0 Exception <a 'sun/nio/fs/WindowsException'{0x00000000b22d3f40}> (0x00000000b22d3f40) 
thrown [s\src\hotspot\share\prims\jni.cpp, line 516]
Event: 149.061 Thread 0x0000018b09913950 Implicit null exception at 0x0000018b2b695b5d to 0x0000018b2b697704
Event: 149.254 Thread 0x0000018b09917610 Exception <a 'java/lang/NoSuchMethodError'{0x00000000aaa39b38}: static Lorg/jetbrains/kotlin/gradle/internal/kapt/incremental/ClasspathEntryData;.<clinit>()V> (0x00000000aaa39b38) 
thrown [s\src\hotspot\share\prims\jni.cpp, line 1112]
Event: 149.254 Thread 0x0000018b07895700 Exception <a 'java/lang/NoSuchMethodError'{0x00000000aa63ce58}: static Lorg/jetbrains/kotlin/gradle/internal/kapt/incremental/ClasspathEntryData;.<clinit>()V> (0x00000000aa63ce58) 
thrown [s\src\hotspot\share\prims\jni.cpp, line 1112]
Event: 149.254 Thread 0x0000018b099161d0 Exception <a 'java/lang/NoSuchMethodError'{0x00000000aaa9ab00}: static Lorg/jetbrains/kotlin/gradle/internal/kapt/incremental/ClasspathEntryData;.<clinit>()V> (0x00000000aaa9ab00) 
thrown [s\src\hotspot\share\prims\jni.cpp, line 1112]
Event: 149.254 Thread 0x0000018b07891020 Exception <a 'java/lang/NoSuchMethodError'{0x00000000aae39f10}: static Lorg/jetbrains/kotlin/gradle/internal/kapt/incremental/ClasspathEntryData;.<clinit>()V> (0x00000000aae39f10) 
thrown [s\src\hotspot\share\prims\jni.cpp, line 1112]
Event: 149.255 Thread 0x0000018b078900f0 Exception <a 'java/lang/NoSuchMethodError'{0x00000000aa661f80}: static Lorg/jetbrains/kotlin/gradle/internal/kapt/incremental/ClasspathEntryData;.<clinit>()V> (0x00000000aa661f80) 
thrown [s\src\hotspot\share\prims\jni.cpp, line 1112]
Event: 149.256 Thread 0x0000018b07890b10 Exception <a 'java/lang/NoSuchMethodError'{0x00000000aad3adb0}: static Lorg/jetbrains/kotlin/gradle/internal/kapt/incremental/ClasspathEntryData;.<clinit>()V> (0x00000000aad3adb0) 
thrown [s\src\hotspot\share\prims\jni.cpp, line 1112]
Event: 149.256 Thread 0x0000018b09912000 Exception <a 'java/lang/NoSuchMethodError'{0x00000000ac7a95b8}: static Lorg/jetbrains/kotlin/gradle/internal/kapt/incremental/ClasspathEntryData;.<clinit>()V> (0x00000000ac7a95b8) 
thrown [s\src\hotspot\share\prims\jni.cpp, line 1112]
Event: 149.258 Thread 0x0000018b09918a50 Exception <a 'java/lang/NoSuchMethodError'{0x00000000aa79fd00}: static Lorg/jetbrains/kotlin/gradle/internal/kapt/incremental/ClasspathEntryData;.<clinit>()V> (0x00000000aa79fd00) 
thrown [s\src\hotspot\share\prims\jni.cpp, line 1112]
Event: 149.259 Thread 0x0000018b09912a20 Exception <a 'java/lang/NoSuchMethodError'{0x00000000aa687d88}: static Lorg/jetbrains/kotlin/gradle/internal/kapt/incremental/ClasspathEntryData;.<clinit>()V> (0x00000000aa687d88) 
thrown [s\src\hotspot\share\prims\jni.cpp, line 1112]
Event: 149.259 Thread 0x0000018b7d51dfa0 Exception <a 'java/lang/NoSuchMethodError'{0x00000000ab0c98c0}: static Lorg/jetbrains/kotlin/gradle/internal/kapt/incremental/ClasspathEntryData;.<clinit>()V> (0x00000000ab0c98c0) 
thrown [s\src\hotspot\share\prims\jni.cpp, line 1112]
Event: 149.259 Thread 0x0000018b09919980 Exception <a 'java/lang/NoSuchMethodError'{0x00000000aaeb3a98}: static Lorg/jetbrains/kotlin/gradle/internal/kapt/incremental/ClasspathEntryData;.<clinit>()V> (0x00000000aaeb3a98) 
thrown [s\src\hotspot\share\prims\jni.cpp, line 1112]
Event: 149.261 Thread 0x0000018b09913950 Exception <a 'java/lang/NoSuchMethodError'{0x00000000aa546440}: static Lorg/jetbrains/kotlin/gradle/internal/kapt/incremental/ClasspathEntryData;.<clinit>()V> (0x00000000aa546440) 
thrown [s\src\hotspot\share\prims\jni.cpp, line 1112]
Event: 149.262 Thread 0x0000018b078938a0 Exception <a 'java/lang/NoSuchMethodError'{0x00000000aae8c680}: static Lorg/jetbrains/kotlin/gradle/internal/kapt/incremental/ClasspathEntryData;.<clinit>()V> (0x00000000aae8c680) 
thrown [s\src\hotspot\share\prims\jni.cpp, line 1112]
Event: 149.262 Thread 0x0000018b09914370 Exception <a 'java/lang/NoSuchMethodError'{0x00000000aae77cf0}: static Lorg/jetbrains/kotlin/gradle/internal/kapt/incremental/ClasspathEntryData;.<clinit>()V> (0x00000000aae77cf0) 
thrown [s\src\hotspot\share\prims\jni.cpp, line 1112]
Event: 149.263 Thread 0x0000018b080f6ad0 Exception <a 'java/lang/NoSuchMethodError'{0x00000000aad69258}: static Lorg/jetbrains/kotlin/gradle/internal/kapt/incremental/ClasspathEntryData;.<clinit>()V> (0x00000000aad69258) 
thrown [s\src\hotspot\share\prims\jni.cpp, line 1112]
Event: 149.265 Thread 0x0000018b07891530 Exception <a 'java/lang/NoSuchMethodError'{0x00000000aa6d2b80}: static Lorg/jetbrains/kotlin/gradle/internal/kapt/incremental/ClasspathEntryData;.<clinit>()V> (0x00000000aa6d2b80) 
thrown [s\src\hotspot\share\prims\jni.cpp, line 1112]
Event: 149.266 Thread 0x0000018b09919470 Exception <a 'java/lang/NoSuchMethodError'{0x00000000aaeff788}: static Lorg/jetbrains/kotlin/gradle/internal/kapt/incremental/ClasspathEntryData;.<clinit>()V> (0x00000000aaeff788) 
thrown [s\src\hotspot\share\prims\jni.cpp, line 1112]

VM Operations (20 events):
Event: 116.507 Executing VM operation: Cleanup
Event: 116.507 Executing VM operation: Cleanup done
Event: 116.638 Executing VM operation: HandshakeAllThreads
Event: 116.639 Executing VM operation: HandshakeAllThreads done
Event: 116.727 Executing VM operation: HandshakeAllThreads
Event: 116.729 Executing VM operation: HandshakeAllThreads done
Event: 117.728 Executing VM operation: Cleanup
Event: 117.729 Executing VM operation: Cleanup done
Event: 120.251 Executing VM operation: HandshakeAllThreads
Event: 120.252 Executing VM operation: HandshakeAllThreads done
Event: 122.254 Executing VM operation: Cleanup
Event: 122.255 Executing VM operation: Cleanup done
Event: 146.272 Executing VM operation: Cleanup
Event: 146.272 Executing VM operation: Cleanup done
Event: 147.273 Executing VM operation: Cleanup
Event: 147.273 Executing VM operation: Cleanup done
Event: 149.273 Executing VM operation: Cleanup
Event: 149.275 Executing VM operation: Cleanup done
Event: 149.474 Executing VM operation: G1CollectForAllocation
Event: 149.504 Executing VM operation: G1CollectForAllocation done

Memory protections (0 events):
No events

Nmethod flushes (20 events):
Event: 109.425 Thread 0x0000018b3b454780 flushing  nmethod 0x0000018b2696eb90
Event: 109.425 Thread 0x0000018b3b454780 flushing osr nmethod 0x0000018b26976310
Event: 109.425 Thread 0x0000018b3b454780 flushing osr nmethod 0x0000018b26979a10
Event: 109.425 Thread 0x0000018b3b454780 flushing  nmethod 0x0000018b2697ae90
Event: 109.425 Thread 0x0000018b3b454780 flushing  nmethod 0x0000018b2697ba10
Event: 109.425 Thread 0x0000018b3b454780 flushing  nmethod 0x0000018b26984010
Event: 109.425 Thread 0x0000018b3b454780 flushing  nmethod 0x0000018b26984910
Event: 109.425 Thread 0x0000018b3b454780 flushing  nmethod 0x0000018b26988190
Event: 109.425 Thread 0x0000018b3b454780 flushing  nmethod 0x0000018b26988890
Event: 109.426 Thread 0x0000018b3b454780 flushing  nmethod 0x0000018b2698a690
Event: 109.426 Thread 0x0000018b3b454780 flushing  nmethod 0x0000018b2698e910
Event: 109.426 Thread 0x0000018b3b454780 flushing  nmethod 0x0000018b26990290
Event: 109.426 Thread 0x0000018b3b454780 flushing  nmethod 0x0000018b26991290
Event: 109.426 Thread 0x0000018b3b454780 flushing  nmethod 0x0000018b26991c90
Event: 109.426 Thread 0x0000018b3b454780 flushing  nmethod 0x0000018b26993d10
Event: 109.426 Thread 0x0000018b3b454780 flushing  nmethod 0x0000018b26996690
Event: 109.426 Thread 0x0000018b3b454780 flushing  nmethod 0x0000018b26997890
Event: 109.426 Thread 0x0000018b3b454780 flushing  nmethod 0x0000018b26998290
Event: 109.426 Thread 0x0000018b3b454780 flushing  nmethod 0x0000018b26998d90
Event: 109.426 Thread 0x0000018b3b454780 flushing  nmethod 0x0000018b2699d710

Events (20 events):
Event: 116.594 Thread 0x0000018b16259b00 Thread exited: 0x0000018b16259b00
Event: 116.689 Thread 0x0000018b7d51f8f0 Thread added: 0x0000018b162586c0
Event: 116.699 Thread 0x0000018b7d51f8f0 Thread added: 0x0000018b162595f0
Event: 116.701 Thread 0x0000018b7d51f8f0 Thread added: 0x0000018b16259b00
Event: 116.779 Thread 0x0000018b3b1a5d60 Thread added: 0x0000018b0e5d8c80
Event: 116.787 Thread 0x0000018b7d51f8f0 Thread added: 0x0000018b1625aa30
Event: 116.788 Thread 0x0000018b7d51f8f0 Thread added: 0x0000018b16258bd0
Event: 116.865 Thread 0x0000018b1625aa30 Thread added: 0x0000018b16257280
Event: 119.504 Thread 0x0000018b0e5d8c80 Thread exited: 0x0000018b0e5d8c80
Event: 121.629 Thread 0x0000018b0e5d6200 Thread exited: 0x0000018b0e5d6200
Event: 121.629 Thread 0x0000018b0e5d91d0 Thread exited: 0x0000018b0e5d91d0
Event: 148.116 Thread 0x0000018b3b1a5d60 Thread added: 0x0000018b0e5d91d0
Event: 148.544 Thread 0x0000018b0e5d91d0 Thread exited: 0x0000018b0e5d91d0
Event: 148.746 Thread 0x0000018b3b1a8890 Thread added: 0x0000018b0e5da1c0
Event: 148.747 Thread 0x0000018b3b1a8890 Thread added: 0x0000018b0e5d6750
Event: 148.912 Thread 0x0000018b0e5d6750 Thread added: 0x0000018b0e5d8c80
Event: 149.080 Thread 0x0000018b3b1a8890 Thread added: 0x0000018b0e5d91d0
Event: 149.081 Thread 0x0000018b3b1a8890 Thread added: 0x0000018b0e5da710
Event: 149.174 Thread 0x0000018b0e5d91d0 Thread added: 0x0000018b0e5dac60
Event: 149.528 Thread 0x0000018b162595f0 Thread exited: 0x0000018b162595f0


Dynamic libraries:
0x00007ff69a970000 - 0x00007ff69a97e000 	C:\Users\ACER\.jdks\ms-17.0.18\bin\java.exe
0x00007ffdd45e0000 - 0x00007ffdd4847000 	C:\WINDOWS\SYSTEM32\ntdll.dll
0x00007ffdd3030000 - 0x00007ffdd30f9000 	C:\WINDOWS\System32\KERNEL32.DLL
0x00007ffdd0ec0000 - 0x00007ffdd12b1000 	C:\WINDOWS\System32\KERNELBASE.dll
0x00007ffdd12c0000 - 0x00007ffdd140b000 	C:\WINDOWS\System32\ucrtbase.dll
0x00007ffd9b120000 - 0x00007ffd9b138000 	C:\Users\ACER\.jdks\ms-17.0.18\bin\jli.dll
0x00007ffd9cbf0000 - 0x00007ffd9cc0e000 	C:\Users\ACER\.jdks\ms-17.0.18\bin\VCRUNTIME140.dll
0x00007ffdd3260000 - 0x00007ffdd3425000 	C:\WINDOWS\System32\USER32.dll
0x00007ffdd2130000 - 0x00007ffdd2157000 	C:\WINDOWS\System32\win32u.dll
0x00007ffdd4460000 - 0x00007ffdd448b000 	C:\WINDOWS\System32\GDI32.dll
0x00007ffdaff10000 - 0x00007ffdb01a3000 	C:\WINDOWS\WinSxS\amd64_microsoft.windows.common-controls_6595b64144ccf1df_6.0.26100.8037_none_3e092faae333b53b\COMCTL32.dll
0x00007ffdd1560000 - 0x00007ffdd168b000 	C:\WINDOWS\System32\gdi32full.dll
0x00007ffdd2160000 - 0x00007ffdd2203000 	C:\WINDOWS\System32\msvcp_win.dll
0x00007ffdd2990000 - 0x00007ffdd2a39000 	C:\WINDOWS\System32\msvcrt.dll
0x00007ffdd3fd0000 - 0x00007ffdd4001000 	C:\WINDOWS\System32\IMM32.DLL
0x00007ffdb88e0000 - 0x00007ffdb88ec000 	C:\Users\ACER\.jdks\ms-17.0.18\bin\vcruntime140_1.dll
0x00007ffd5a410000 - 0x00007ffd5a499000 	C:\Users\ACER\.jdks\ms-17.0.18\bin\msvcp140.dll
0x00007ffce9490000 - 0x00007ffcea10a000 	C:\Users\ACER\.jdks\ms-17.0.18\bin\server\jvm.dll
0x00007ffdd2be0000 - 0x00007ffdd2c9b000 	C:\WINDOWS\System32\ADVAPI32.dll
0x00007ffdd2ca0000 - 0x00007ffdd2d47000 	C:\WINDOWS\System32\sechost.dll
0x00007ffdd2a40000 - 0x00007ffdd2b58000 	C:\WINDOWS\System32\RPCRT4.dll
0x00007ffdd4010000 - 0x00007ffdd4084000 	C:\WINDOWS\System32\WS2_32.dll
0x00007ffdc2db0000 - 0x00007ffdc2de5000 	C:\WINDOWS\SYSTEM32\WINMM.dll
0x00007ffdd0d20000 - 0x00007ffdd0d7e000 	C:\WINDOWS\SYSTEM32\POWRPROF.dll
0x00007ffdc6920000 - 0x00007ffdc692b000 	C:\WINDOWS\SYSTEM32\VERSION.dll
0x00007ffdd0d00000 - 0x00007ffdd0d14000 	C:\WINDOWS\SYSTEM32\UMPDC.dll
0x00007ffdcfc50000 - 0x00007ffdcfc6b000 	C:\WINDOWS\SYSTEM32\kernel.appcore.dll
0x00007ffdae340000 - 0x00007ffdae34a000 	C:\Users\ACER\.jdks\ms-17.0.18\bin\jimage.dll
0x00007ffdceea0000 - 0x00007ffdcf0e2000 	C:\WINDOWS\SYSTEM32\DBGHELP.DLL
0x00007ffdd3bb0000 - 0x00007ffdd3f32000 	C:\WINDOWS\System32\combase.dll
0x00007ffdd2830000 - 0x00007ffdd2907000 	C:\WINDOWS\System32\OLEAUT32.dll
0x00007ffdafd60000 - 0x00007ffdafd9b000 	C:\WINDOWS\SYSTEM32\dbgcore.DLL
0x00007ffdd2080000 - 0x00007ffdd2125000 	C:\WINDOWS\System32\bcryptPrimitives.dll
0x00007ffda4750000 - 0x00007ffda475f000 	C:\Users\ACER\.jdks\ms-17.0.18\bin\instrument.dll
0x00007ffd9af70000 - 0x00007ffd9af96000 	C:\Users\ACER\.jdks\ms-17.0.18\bin\java.dll
0x00007ffd3bc00000 - 0x00007ffd3bcd6000 	C:\Users\ACER\.jdks\ms-17.0.18\bin\jsvml.dll
0x00007ffdd3440000 - 0x00007ffdd3b9f000 	C:\WINDOWS\System32\SHELL32.dll
0x00007ffdd2210000 - 0x00007ffdd237a000 	C:\WINDOWS\System32\wintypes.dll
0x00007ffdd1810000 - 0x00007ffdd2074000 	C:\WINDOWS\System32\windows.storage.dll
0x00007ffdd2f30000 - 0x00007ffdd3027000 	C:\WINDOWS\System32\SHCORE.dll
0x00007ffdd43a0000 - 0x00007ffdd4407000 	C:\WINDOWS\System32\shlwapi.dll
0x00007ffdd0de0000 - 0x00007ffdd0e09000 	C:\WINDOWS\SYSTEM32\profapi.dll
0x00007ffd9af50000 - 0x00007ffd9af68000 	C:\Users\ACER\.jdks\ms-17.0.18\bin\zip.dll
0x00007ffd9af30000 - 0x00007ffd9af4b000 	C:\Users\ACER\.jdks\ms-17.0.18\bin\net.dll
0x00007ffdc7ff0000 - 0x00007ffdc8117000 	C:\WINDOWS\SYSTEM32\WINHTTP.dll
0x00007ffdd01c0000 - 0x00007ffdd022b000 	C:\WINDOWS\system32\mswsock.dll
0x00007ffd95e60000 - 0x00007ffd95e76000 	C:\Users\ACER\.jdks\ms-17.0.18\bin\nio.dll
0x00007ffd9cba0000 - 0x00007ffd9cbb0000 	C:\Users\ACER\.jdks\ms-17.0.18\bin\verify.dll
0x00007ffd9f890000 - 0x00007ffd9f8b7000 	C:\Users\ACER\.gradle\native\c067742578af261105cb4f569cf0c3c89f3d7b1fecec35dd04571415982c5e48\windows-amd64\native-platform.dll
0x00007ffd3bab0000 - 0x00007ffd3bbf4000 	C:\Users\ACER\.gradle\native\38dada09dfb8b06ba9b0570ebf7e218e3eb74d4ef43ca46872605cf95ebc2f47\windows-amd64\native-platform-file-events.dll
0x00007ffd9ba30000 - 0x00007ffd9ba3a000 	C:\Users\ACER\.jdks\ms-17.0.18\bin\management.dll
0x00007ffd9b350000 - 0x00007ffd9b35c000 	C:\Users\ACER\.jdks\ms-17.0.18\bin\management_ext.dll
0x00007ffdd4590000 - 0x00007ffdd4598000 	C:\WINDOWS\System32\PSAPI.DLL
0x00007ffdd04a0000 - 0x00007ffdd04bb000 	C:\WINDOWS\SYSTEM32\CRYPTSP.dll
0x00007ffdcfbb0000 - 0x00007ffdcfbe9000 	C:\WINDOWS\system32\rsaenh.dll
0x00007ffdd0270000 - 0x00007ffdd02a2000 	C:\WINDOWS\SYSTEM32\USERENV.dll
0x00007ffdd0db0000 - 0x00007ffdd0dda000 	C:\WINDOWS\SYSTEM32\bcrypt.dll
0x00007ffdd04c0000 - 0x00007ffdd04cc000 	C:\WINDOWS\SYSTEM32\CRYPTBASE.dll
0x00007ffdcf610000 - 0x00007ffdcf643000 	C:\WINDOWS\SYSTEM32\IPHLPAPI.DLL
0x00007ffdd3430000 - 0x00007ffdd343a000 	C:\WINDOWS\System32\NSI.dll
0x00007ffdc83c0000 - 0x00007ffdc83dd000 	C:\WINDOWS\SYSTEM32\dhcpcsvc6.DLL
0x00007ffdc8390000 - 0x00007ffdc83b3000 	C:\WINDOWS\SYSTEM32\dhcpcsvc.DLL
0x00007ffdcf6b0000 - 0x00007ffdcf7da000 	C:\WINDOWS\SYSTEM32\DNSAPI.dll
0x00007ffd9af20000 - 0x00007ffd9af29000 	C:\Users\ACER\.jdks\ms-17.0.18\bin\extnet.dll
0x00007ffd95e50000 - 0x00007ffd95e5e000 	C:\Users\ACER\.jdks\ms-17.0.18\bin\sunmscapi.dll
0x00007ffdd1690000 - 0x00007ffdd1807000 	C:\WINDOWS\System32\CRYPT32.dll
0x00007ffdd06c0000 - 0x00007ffdd06f0000 	C:\WINDOWS\SYSTEM32\ncrypt.dll
0x00007ffdd0670000 - 0x00007ffdd06af000 	C:\WINDOWS\SYSTEM32\NTASN1.dll
0x00007ffdb9d00000 - 0x00007ffdb9d08000 	C:\WINDOWS\system32\wshunix.dll
0x00007ffda2dc0000 - 0x00007ffda2dd8000 	C:\WINDOWS\system32\napinsp.dll
0x00007ffda2b90000 - 0x00007ffda2ba2000 	C:\WINDOWS\System32\winrnr.dll
0x00007ffda3fa0000 - 0x00007ffda3fc2000 	C:\WINDOWS\system32\nlansp_c.dll
0x00007ffdc5db0000 - 0x00007ffdc5dc6000 	C:\WINDOWS\system32\wshbth.dll
0x00007ffdc6930000 - 0x00007ffdc693b000 	C:\Windows\System32\rasadhlp.dll
0x00007ffdc8bb0000 - 0x00007ffdc8c36000 	C:\WINDOWS\System32\fwpuclnt.dll
0x00007ffdcfd70000 - 0x00007ffdcfda6000 	C:\WINDOWS\SYSTEM32\ntmarta.dll
0x00007ffdcb870000 - 0x00007ffdcb90f000 	C:\WINDOWS\system32\apphelp.dll
0x00007ffd9cce0000 - 0x00007ffd9ccfe000 	C:\Users\ACER\AppData\Local\Temp\native-platform10452543513868555732dir\native-platform.dll
0x00007ffd95990000 - 0x00007ffd95997000 	C:\Users\ACER\.jdks\ms-17.0.18\bin\rmi.dll

dbghelp: loaded successfully - version: 4.0.5 - missing functions: none
symbol engine: initialized successfully - sym options: 0x614 - pdb path: .;C:\Users\ACER\.jdks\ms-17.0.18\bin;C:\WINDOWS\SYSTEM32;C:\WINDOWS\WinSxS\amd64_microsoft.windows.common-controls_6595b64144ccf1df_6.0.26100.8037_none_3e092faae333b53b;C:\Users\ACER\.jdks\ms-17.0.18\bin\server;C:\Users\ACER\.gradle\native\c067742578af261105cb4f569cf0c3c89f3d7b1fecec35dd04571415982c5e48\windows-amd64;C:\Users\ACER\.gradle\native\38dada09dfb8b06ba9b0570ebf7e218e3eb74d4ef43ca46872605cf95ebc2f47\windows-amd64;C:\Users\ACER\AppData\Local\Temp\native-platform10452543513868555732dir

VM Arguments:
jvm_args: --add-opens=java.base/java.util=ALL-UNNAMED --add-opens=java.base/java.lang=ALL-UNNAMED --add-opens=java.base/java.lang.invoke=ALL-UNNAMED --add-opens=java.prefs/java.util.prefs=ALL-UNNAMED --add-opens=java.base/java.nio.charset=ALL-UNNAMED --add-opens=java.base/java.net=ALL-UNNAMED --add-opens=java.base/java.util.concurrent.atomic=ALL-UNNAMED -Xmx2048m -Dfile.encoding=UTF-8 -Duser.country=US -Duser.language=en -Duser.variant -javaagent:C:\Users\ACER\.gradle\wrapper\dists\gradle-8.4-bin\1w5dpkrfk8irigvoxmyhowfim\gradle-8.4\lib\agents\gradle-instrumentation-agent-8.4.jar 
java_command: org.gradle.launcher.daemon.bootstrap.GradleDaemon 8.4
java_class_path (initial): C:\Users\ACER\.gradle\wrapper\dists\gradle-8.4-bin\1w5dpkrfk8irigvoxmyhowfim\gradle-8.4\lib\gradle-launcher-8.4.jar
Launcher Type: SUN_STANDARD

[Global flags]
     intx CICompilerCount                          = 12                                        {product} {ergonomic}
     uint ConcGCThreads                            = 4                                         {product} {ergonomic}
     uint G1ConcRefinementThreads                  = 16                                        {product} {ergonomic}
   size_t G1HeapRegionSize                         = 1048576                                   {product} {ergonomic}
    uintx GCDrainStackTargetSize                   = 64                                        {product} {ergonomic}
   size_t InitialHeapSize                          = 264241152                                 {product} {ergonomic}
   size_t MarkStackSize                            = 4194304                                   {product} {ergonomic}
   size_t MaxHeapSize                              = 2147483648                                {product} {command line}
   size_t MaxNewSize                               = 1287651328                                {product} {ergonomic}
   size_t MinHeapDeltaBytes                        = 1048576                                   {product} {ergonomic}
   size_t MinHeapSize                              = 8388608                                   {product} {ergonomic}
    uintx NonNMethodCodeHeapSize                   = 7602480                                {pd product} {ergonomic}
    uintx NonProfiledCodeHeapSize                  = 122027880                              {pd product} {ergonomic}
    uintx ProfiledCodeHeapSize                     = 122027880                              {pd product} {ergonomic}
    uintx ReservedCodeCacheSize                    = 251658240                              {pd product} {ergonomic}
     bool SegmentedCodeCache                       = true                                      {product} {ergonomic}
   size_t SoftMaxHeapSize                          = 2147483648                             {manageable} {ergonomic}
     bool UseCompressedClassPointers               = true                           {product lp64_product} {ergonomic}
     bool UseCompressedOops                        = true                           {product lp64_product} {ergonomic}
     bool UseG1GC                                  = true                                      {product} {ergonomic}
     bool UseLargePagesIndividualAllocation        = false                                  {pd product} {ergonomic}

Logging:
Log output configuration:
 #0: stdout all=warning uptime,level,tags
 #1: stderr all=off uptime,level,tags

Environment Variables:
PATH=C:\Program Files (x86)\Common Files\Oracle\Java\javapath;D:\oracle\bin;C:\WINDOWS\system32;C:\WINDOWS;C:\WINDOWS\System32\Wbem;C:\WINDOWS\System32\WindowsPowerShell\v1.0\;C:\WINDOWS\System32\OpenSSH\;C:\Program Files (x86)\Microsoft SQL Server\160\Tools\Binn\;C:\Program Files\Microsoft SQL Server\160\Tools\Binn\;C:\Program Files\Microsoft SQL Server\Client SDK\ODBC\170\Tools\Binn\;C:\Program Files\Microsoft SQL Server\160\DTS\Binn\;C:\Program Files\nodejs\;C:\Program Files\Microsoft SQL Server\170\DTS\Binn\;D:\Git\cmd;C:\Program Files\dotnet\;C:\Program Files\Microsoft SQL Server\150\Tools\Binn\;C:\Program Files\Microsoft SQL Server\130\DTS\Binn\;C:\Program Files\Microsoft SQL Server\140\DTS\Binn\;C:\Program Files\Microsoft SQL Server\150\DTS\Binn\;C:\Users\ACER\AppData\Local\Programs\Python\Python313\Scripts\;C:\Users\ACER\AppData\Local\Programs\Python\Python313\;C:\Users\ACER\AppData\Local\Programs\Python\Launcher\;C:\Users\ACER\AppData\Local\Microsoft\WindowsApps;C:\Users\ACER\AppData\Local\Programs\Microsoft VS Code\bin;C:\Users\ACER\AppData\Roaming\npm;C:\Users\ACER\.dotnet\tools;C:\Users\ACER\AppData\Local\GitHubDesktop\bin
USERNAME=ACER
OS=Windows_NT
PROCESSOR_IDENTIFIER=Intel64 Family 6 Model 170 Stepping 4, GenuineIntel
TMP=C:\Users\ACER\AppData\Local\Temp
TEMP=C:\Users\ACER\AppData\Local\Temp



Periodic native trim disabled


---------------  S Y S T E M  ---------------

OS:
 Windows 11 , 64 bit Build 26100 (10.0.26100.7920)
OS uptime: 0 days 2:15 hours
Hyper-V role detected

CPU: total 22 (initial active 22) (11 cores per cpu, 2 threads per core) family 6 model 170 stepping 4 microcode 0x1c, cx8, cmov, fxsr, ht, mmx, 3dnowpref, sse, sse2, sse3, ssse3, sse4.1, sse4.2, popcnt, lzcnt, tsc, tscinvbit, avx, avx2, aes, erms, clmul, bmi1, bmi2, adx, sha, fma, vzeroupper, clflush, clflushopt, clwb, hv
Processor Information for processor 0
  Max Mhz: 1400, Current Mhz: 1400, Mhz Limit: 1400
Processor Information for processor 1
  Max Mhz: 1400, Current Mhz: 1400, Mhz Limit: 1400
Processor Information for processor 2
  Max Mhz: 900, Current Mhz: 900, Mhz Limit: 900
Processor Information for processor 3
  Max Mhz: 900, Current Mhz: 900, Mhz Limit: 900
Processor Information for processor 4
  Max Mhz: 900, Current Mhz: 900, Mhz Limit: 900
Processor Information for processor 5
  Max Mhz: 900, Current Mhz: 900, Mhz Limit: 900
Processor Information for processor 6
  Max Mhz: 900, Current Mhz: 900, Mhz Limit: 900
Processor Information for processor 7
  Max Mhz: 900, Current Mhz: 900, Mhz Limit: 900
Processor Information for processor 8
  Max Mhz: 900, Current Mhz: 900, Mhz Limit: 900
Processor Information for processor 9
  Max Mhz: 900, Current Mhz: 900, Mhz Limit: 900
Processor Information for processor 10
  Max Mhz: 1400, Current Mhz: 1400, Mhz Limit: 1400
Processor Information for processor 11
  Max Mhz: 1400, Current Mhz: 1400, Mhz Limit: 1400
Processor Information for processor 12
  Max Mhz: 1400, Current Mhz: 1400, Mhz Limit: 1400
Processor Information for processor 13
  Max Mhz: 1400, Current Mhz: 1400, Mhz Limit: 1400
Processor Information for processor 14
  Max Mhz: 1400, Current Mhz: 1400, Mhz Limit: 1400
Processor Information for processor 15
  Max Mhz: 1400, Current Mhz: 1400, Mhz Limit: 1400
Processor Information for processor 16
  Max Mhz: 1400, Current Mhz: 1400, Mhz Limit: 1400
Processor Information for processor 17
  Max Mhz: 1400, Current Mhz: 1400, Mhz Limit: 1400
Processor Information for processor 18
  Max Mhz: 1400, Current Mhz: 1400, Mhz Limit: 1400
Processor Information for processor 19
  Max Mhz: 1400, Current Mhz: 1400, Mhz Limit: 1400
Processor Information for processor 20
  Max Mhz: 700, Current Mhz: 700, Mhz Limit: 700
Processor Information for processor 21
  Max Mhz: 700, Current Mhz: 700, Mhz Limit: 700

Memory: 4k page, system-wide physical 16085M (841M free)
TotalPageFile size 35541M (AvailPageFile size 7010M)
current process WorkingSet (physical memory assigned to process): 1378M, peak: 1445M
current process commit charge ("private bytes"): 1459M, peak: 1533M

vm_info: OpenJDK 64-Bit Server VM (17.0.18+8-LTS) for windows-amd64 JRE (17.0.18+8-LTS), built on Jan 15 2026 18:50:45 by "MicrosoftCorporation" with MS VC++ 17.14 (VS2022)

END.
